Entry_Date,Exit_Date,Holding_Mins,Pair,Side,Entry_Price,Exit_Price,P/L_USD
2025-01-02 04:10:00,2025-01-02 09:00:00,290.0,BTC-USD,BUY,96057.1,95928.74,5.0
2025-01-02 09:40:00,2025-01-02 10:35:00,55.0,BTC-USD,BUY,96725.35,96330.66,-10.05
2025-01-02 12:10:00,2025-01-02 12:25:00,15.0,BTC-USD,BUY,97460.71,97022.97,-9.95
2025-01-02 13:00:00,2025-01-02 13:05:00,5.0,BTC-USD,SELL,96380.19,96886.77,-9.85
2025-01-02 15:20:00,2025-01-02 15:25:00,5.0,BTC-USD,BUY,97743.11,97511.77,-9.75
2025-01-02 16:10:00,2025-01-02 17:15:00,65.0,BTC-USD,SELL,97104.69,96780.48,14.48
2025-01-02 17:35:00,2025-01-02 20:50:00,195.0,BTC-USD,SELL,96860.0,96911.15,4.9
2025-01-02 21:05:00,2025-01-02 21:20:00,15.0,BTC-USD,BUY,96897.72,97197.8,14.77
2025-01-02 21:25:00,2025-01-02 23:40:00,135.0,BTC-USD,BUY,97175.41,96820.35,-10.0
2025-01-02 23:45:00,2025-01-03 00:05:00,20.0,BTC-USD,SELL,96794.31,96602.49,14.84
2025-01-03 00:15:00,2025-01-03 00:45:00,30.0,BTC-USD,SELL,96711.99,96706.51,5.02
2025-01-03 00:50:00,2025-01-03 02:40:00,110.0,BTC-USD,SELL,96678.74,96320.53,15.14
2025-01-03 02:50:00,2025-01-03 04:40:00,110.0,BTC-USD,SELL,96250.01,96548.26,-10.25
2025-01-03 04:45:00,2025-01-03 05:10:00,25.0,BTC-USD,BUY,96504.61,96358.06,-10.14
2025-01-03 05:20:00,2025-01-03 06:20:00,60.0,BTC-USD,SELL,96392.3,96727.14,-10.04
2025-01-03 06:45:00,2025-01-03 07:00:00,15.0,BTC-USD,BUY,96660.52,96751.5,4.97
2025-01-03 09:05:00,2025-01-03 09:35:00,30.0,BTC-USD,BUY,96740.84,97255.41,5.0
2025-01-03 09:40:00,2025-01-03 14:05:00,265.0,BTC-USD,BUY,97198.91,98692.54,15.06
2025-01-03 14:10:00,2025-01-03 18:30:00,260.0,BTC-USD,BUY,98877.35,98068.74,-10.19
2025-01-03 18:45:00,2025-01-03 19:00:00,15.0,BTC-USD,SELL,98071.9,98173.12,-10.09
2025-01-03 20:45:00,2025-01-04 04:15:00,450.0,BTC-USD,BUY,98021.65,97826.71,-9.99
2025-01-04 04:20:00,2025-01-04 14:10:00,590.0,BTC-USD,SELL,97865.32,98127.4,-9.89
2025-01-04 14:15:00,2025-01-04 16:05:00,110.0,BTC-USD,BUY,98184.82,98559.73,14.69
2025-01-04 16:10:00,2025-01-04 18:05:00,115.0,BTC-USD,BUY,98535.72,98227.53,-9.94
2025-01-04 18:25:00,2025-01-04 23:25:00,300.0,BTC-USD,SELL,98210.87,98461.78,-9.84
2025-01-04 23:30:00,2025-01-05 03:00:00,210.0,BTC-USD,BUY,98399.99,97947.22,-9.74
2025-01-05 03:00:00,2025-01-05 10:05:00,425.0,BTC-USD,SELL,97947.22,97861.31,4.82
2025-01-05 10:10:00,2025-01-05 12:35:00,145.0,BTC-USD,BUY,97800.39,97825.9,4.84
2025-01-05 12:40:00,2025-01-05 13:30:00,50.0,BTC-USD,SELL,97823.57,97787.57,4.87
2025-01-05 13:40:00,2025-01-05 15:15:00,95.0,BTC-USD,BUY,97813.77,98526.2,14.68
2025-01-05 15:20:00,2025-01-06 00:45:00,565.0,BTC-USD,BUY,98479.15,99749.09,14.9
2025-01-06 00:50:00,2025-01-07 09:55:00,1985.0,BTC-USD,BUY,99719.06,99966.01,5.04
2025-01-07 10:00:00,2025-01-07 12:45:00,165.0,BTC-USD,SELL,99497.13,96921.44,15.2
2025-01-07 12:50:00,2025-01-08 12:05:00,1395.0,BTC-USD,SELL,97129.9,94136.0,15.43
2025-01-08 12:35:00,2025-01-08 12:55:00,20.0,BTC-USD,SELL,93289.73,94007.23,-10.44
2025-01-08 14:50:00,2025-01-08 17:10:00,140.0,BTC-USD,SELL,94169.48,94717.52,-10.34
2025-01-08 17:20:00,2025-01-08 19:20:00,120.0,BTC-USD,BUY,94848.41,94933.63,5.12
2025-01-08 23:20:00,2025-01-09 08:35:00,555.0,BTC-USD,SELL,93991.62,92146.34,15.42
2025-01-09 08:40:00,2025-01-09 11:05:00,145.0,BTC-USD,SELL,92281.21,94591.46,-10.44
2025-01-09 12:30:00,2025-01-09 12:50:00,20.0,BTC-USD,SELL,93589.76,92511.35,15.5
2025-01-09 12:55:00,2025-01-09 17:35:00,280.0,BTC-USD,SELL,92690.06,92587.25,5.24
2025-01-09 18:35:00,2025-01-09 23:10:00,275.0,BTC-USD,SELL,92231.12,93699.81,-10.54
2025-01-10 00:15:00,2025-01-10 00:35:00,20.0,BTC-USD,BUY,93670.18,94111.26,15.65
2025-01-10 00:40:00,2025-01-10 08:30:00,470.0,BTC-USD,BUY,94102.3,93443.22,5.3
2025-01-10 08:40:00,2025-01-10 12:50:00,250.0,BTC-USD,SELL,93538.13,95064.4,-10.64
2025-01-10 14:50:00,2025-01-10 15:15:00,25.0,BTC-USD,BUY,95261.73,95024.14,-10.54
2025-01-10 15:20:00,2025-01-11 16:50:00,1530.0,BTC-USD,SELL,94881.26,94956.86,5.22
2025-01-11 17:40:00,2025-01-11 20:20:00,160.0,BTC-USD,SELL,94620.96,94315.0,15.73
2025-01-11 20:25:00,2025-01-12 07:10:00,645.0,BTC-USD,SELL,94318.11,94377.93,5.32
2025-01-12 07:40:00,2025-01-12 07:55:00,15.0,BTC-USD,BUY,94386.69,94282.3,-10.7
2025-01-12 08:35:00,2025-01-12 10:15:00,100.0,BTC-USD,BUY,94528.57,95107.05,15.88
2025-01-12 11:05:00,2025-01-12 16:15:00,310.0,BTC-USD,BUY,94951.42,94431.8,-10.75
2025-01-12 16:20:00,2025-01-12 17:10:00,50.0,BTC-USD,SELL,94456.04,94003.43,15.96
2025-01-12 17:15:00,2025-01-12 18:30:00,75.0,BTC-USD,SELL,93866.68,94355.48,-10.8
2025-01-12 19:20:00,2025-01-12 19:30:00,10.0,BTC-USD,BUY,94643.9,95681.76,16.04
2025-01-12 19:35:00,2025-01-12 20:45:00,70.0,BTC-USD,BUY,95713.11,94054.19,-10.85
2025-01-12 20:50:00,2025-01-13 05:25:00,515.0,BTC-USD,SELL,94104.81,91923.62,16.11
2025-01-13 06:00:00,2025-01-13 09:50:00,230.0,BTC-USD,SELL,91643.67,92011.15,5.45
2025-01-13 10:05:00,2025-01-13 11:20:00,75.0,BTC-USD,BUY,92364.22,91459.65,-10.96
2025-01-13 17:40:00,2025-01-13 19:15:00,95.0,BTC-USD,SELL,94322.41,94648.53,-10.85
2025-01-13 19:20:00,2025-01-13 19:40:00,20.0,BTC-USD,BUY,94703.39,94330.86,-10.74
2025-01-13 20:25:00,2025-01-14 00:55:00,270.0,BTC-USD,BUY,94904.22,94878.72,5.32
2025-01-14 01:00:00,2025-01-14 03:10:00,130.0,BTC-USD,SELL,94802.05,95501.91,-10.69
2025-01-14 03:15:00,2025-01-14 04:45:00,90.0,BTC-USD,BUY,95532.72,97190.1,15.87
2025-01-14 04:50:00,2025-01-14 08:25:00,215.0,BTC-USD,BUY,97291.98,95875.04,-10.74
2025-01-14 08:30:00,2025-01-14 11:40:00,190.0,BTC-USD,BUY,96775.75,95389.03,-10.63
2025-01-14 13:45:00,2025-01-14 14:00:00,15.0,BTC-USD,BUY,96881.45,96616.78,-10.52
2025-01-14 17:20:00,2025-01-14 18:10:00,50.0,BTC-USD,BUY,96543.22,96564.88,5.21
2025-01-14 18:40:00,2025-01-14 19:20:00,40.0,BTC-USD,BUY,96642.45,97091.65,15.71
2025-01-14 20:15:00,2025-01-14 21:30:00,75.0,BTC-USD,BUY,96823.91,96793.48,5.31
2025-01-14 23:05:00,2025-01-15 06:20:00,435.0,BTC-USD,BUY,97466.87,96520.82,-10.68
2025-01-15 07:05:00,2025-01-15 07:40:00,35.0,BTC-USD,SELL,96653.38,97040.03,-10.57
2025-01-15 09:20:00,2025-01-15 10:55:00,95.0,BTC-USD,BUY,99071.05,98981.81,5.23
2025-01-15 12:10:00,2025-01-15 12:50:00,40.0,BTC-USD,BUY,99307.76,98789.95,-10.52
2025-01-15 13:45:00,2025-01-15 14:55:00,70.0,BTC-USD,BUY,99266.79,99865.05,15.62
2025-01-15 15:00:00,2025-01-15 15:40:00,40.0,BTC-USD,BUY,99781.88,99787.48,5.29
2025-01-15 16:50:00,2025-01-15 19:00:00,130.0,BTC-USD,SELL,99686.55,100562.18,-10.63
2025-01-15 19:05:00,2025-01-15 21:40:00,155.0,BTC-USD,BUY,100484.64,99624.0,-10.52
2025-01-15 21:45:00,2025-01-15 21:50:00,5.0,BTC-USD,SELL,99535.83,99520.39,10.41
2025-01-15 21:55:00,2025-01-15 22:00:00,5.0,BTC-USD,SELL,99628.49,99650.44,10.52
2025-01-16 00:00:00,2025-01-16 00:20:00,20.0,BTC-USD,SELL,99518.57,99531.83,5.31
2025-01-16 01:05:00,2025-01-16 01:30:00,25.0,BTC-USD,SELL,99370.71,99755.37,-10.68
2025-01-16 01:50:00,2025-01-16 03:30:00,100.0,BTC-USD,BUY,99736.01,99383.12,-10.57
2025-01-16 04:05:00,2025-01-16 07:20:00,195.0,BTC-USD,SELL,98742.72,99401.22,-10.46
2025-01-16 08:15:00,2025-01-16 09:45:00,90.0,BTC-USD,SELL,98945.54,97549.66,15.54
2025-01-16 10:15:00,2025-01-16 11:05:00,50.0,BTC-USD,SELL,98087.24,99697.06,-10.51
2025-01-16 11:10:00,2025-01-17 03:35:00,985.0,BTC-USD,BUY,99401.04,102009.49,15.61
2025-01-17 03:40:00,2025-01-17 04:30:00,50.0,BTC-USD,BUY,101951.32,101840.36,5.28
2025-01-17 05:50:00,2025-01-17 10:05:00,255.0,BTC-USD,BUY,102295.26,104223.0,15.93
2025-01-17 10:10:00,2025-01-19 17:45:00,3335.0,BTC-USD,BUY,104146.88,101945.06,-10.78
2025-01-19 17:50:00,2025-01-20 01:35:00,465.0,BTC-USD,SELL,102874.57,103365.97,5.33
2025-01-20 01:40:00,2025-01-20 10:55:00,555.0,BTC-USD,BUY,104556.47,104825.27,5.36
2025-01-20 11:00:00,2025-01-20 12:10:00,70.0,BTC-USD,SELL,105335.72,104081.32,5.39
2025-01-20 12:15:00,2025-01-20 12:50:00,35.0,BTC-USD,SELL,103884.47,104241.9,5.42
2025-01-20 15:45:00,2025-01-20 15:55:00,10.0,BTC-USD,BUY,103945.32,103527.69,-10.88
2025-01-20 17:00:00,2025-01-20 17:30:00,30.0,BTC-USD,SELL,101882.34,103258.08,-10.78
2025-01-20 18:25:00,2025-01-20 18:45:00,20.0,BTC-USD,BUY,103117.31,101989.89,-10.67
2025-01-20 19:00:00,2025-01-21 13:30:00,1110.0,BTC-USD,SELL,101674.91,106792.28,-10.56
2025-01-21 13:35:00,2025-01-21 15:35:00,120.0,BTC-USD,BUY,107211.86,106244.99,-10.46
2025-01-21 15:40:00,2025-01-22 06:55:00,915.0,BTC-USD,SELL,106085.0,105070.75,15.53
2025-01-22 08:15:00,2025-01-22 10:15:00,120.0,BTC-USD,SELL,105012.81,104893.48,5.25
2025-01-22 11:40:00,2025-01-22 12:00:00,20.0,BTC-USD,SELL,103428.3,104072.92,-10.56
2025-01-22 12:15:00,2025-01-22 13:15:00,60.0,BTC-USD,BUY,104250.62,104309.81,5.23
2025-01-22 15:35:00,2025-01-22 17:30:00,115.0,BTC-USD,SELL,104197.24,104294.71,5.25
2025-01-22 19:15:00,2025-01-22 19:30:00,15.0,BTC-USD,SELL,103469.82,103488.69,5.28
2025-01-22 20:05:00,2025-01-22 20:25:00,20.0,BTC-USD,SELL,103106.17,103477.49,-10.61
2025-01-22 20:35:00,2025-01-22 20:45:00,10.0,BTC-USD,BUY,103284.23,102817.79,-10.51
2025-01-22 20:55:00,2025-01-22 22:05:00,70.0,BTC-USD,SELL,102886.24,102916.57,5.2
2025-01-22 22:25:00,2025-01-22 22:45:00,20.0,BTC-USD,BUY,102897.97,102515.37,-10.45
2025-01-22 22:55:00,2025-01-23 08:45:00,590.0,BTC-USD,SELL,102393.5,102335.13,5.17
2025-01-23 09:20:00,2025-01-23 09:35:00,15.0,BTC-USD,BUY,102324.78,104674.68,15.6
2025-01-23 10:10:00,2025-01-23 11:05:00,55.0,BTC-USD,SELL,103511.45,105826.61,-10.56
2025-01-23 11:20:00,2025-01-23 15:55:00,275.0,BTC-USD,BUY,105720.99,103331.39,-10.45
2025-01-23 18:15:00,2025-01-23 18:35:00,20.0,BTC-USD,BUY,104465.97,104193.14,-10.35
2025-01-23 18:55:00,2025-01-23 19:05:00,10.0,BTC-USD,SELL,103926.36,104121.62,-10.24
2025-01-23 19:10:00,2025-01-23 20:20:00,70.0,BTC-USD,SELL,103831.66,103641.64,5.07
2025-01-23 21:55:00,2025-01-23 22:00:00,5.0,BTC-USD,SELL,103017.07,103285.6,-10.19
2025-01-23 22:05:00,2025-01-23 22:20:00,15.0,BTC-USD,BUY,103283.22,102751.92,-10.09
2025-01-23 23:05:00,2025-01-24 09:40:00,635.0,BTC-USD,BUY,103902.9,106226.6,14.98
2025-01-24 12:00:00,2025-01-24 12:15:00,15.0,BTC-USD,SELL,105746.49,106161.55,-10.14
2025-01-24 13:00:00,2025-01-24 13:55:00,55.0,BTC-USD,BUY,106982.09,106371.56,-10.04
2025-01-24 14:00:00,2025-01-24 15:55:00,115.0,BTC-USD,SELL,106293.06,104870.05,14.9
2025-01-24 16:00:00,2025-01-25 10:20:00,1100.0,BTC-USD,SELL,105013.62,105074.93,5.04
2025-01-25 10:25:00,2025-01-26 18:00:00,1895.0,BTC-USD,BUY,104923.68,103889.69,-10.13
2025-01-26 18:50:00,2025-01-26 19:05:00,15.0,BTC-USD,SELL,102601.15,103180.48,-10.03
2025-01-26 20:05:00,2025-01-26 21:05:00,60.0,BTC-USD,SELL,101460.98,101356.66,4.97
2025-01-26 21:10:00,2025-01-27 08:10:00,660.0,BTC-USD,SELL,101490.79,101598.18,4.99
2025-01-27 08:30:00,2025-01-27 08:45:00,15.0,BTC-USD,BUY,101185.84,100467.61,-10.03
2025-01-27 11:00:00,2025-01-27 11:35:00,35.0,BTC-USD,SELL,101034.55,99727.67,14.9
2025-01-27 11:40:00,2025-01-27 12:35:00,55.0,BTC-USD,SELL,99945.33,99781.95,5.04
2025-01-27 12:40:00,2025-01-27 15:35:00,175.0,BTC-USD,SELL,99539.32,100805.36,-10.13
2025-01-27 15:40:00,2025-01-27 16:40:00,60.0,BTC-USD,BUY,100924.0,101089.2,5.02
2025-01-27 17:05:00,2025-01-27 17:20:00,15.0,BTC-USD,BUY,101631.35,101331.81,-10.08
2025-01-27 17:50:00,2025-01-27 18:25:00,35.0,BTC-USD,BUY,101747.03,101735.0,4.99
2025-01-27 19:10:00,2025-01-31 14:00:00,5450.0,BTC-USD,BUY,102452.36,102853.74,5.01
2025-01-31 14:05:00,2025-02-01 22:10:00,1925.0,BTC-USD,SELL,102472.37,99990.18,15.12
2025-02-01 22:15:00,2025-02-02 00:35:00,140.0,BTC-USD,SELL,100053.97,100193.88,5.12
2025-02-02 00:40:00,2025-02-02 02:30:00,110.0,BTC-USD,BUY,100223.16,99813.58,-10.28
2025-02-02 02:35:00,2025-02-02 07:35:00,300.0,BTC-USD,SELL,99675.29,98546.83,15.27
2025-02-02 07:40:00,2025-02-02 08:20:00,40.0,BTC-USD,SELL,98656.16,98648.84,5.17
2025-02-02 10:35:00,2025-02-02 11:30:00,55.0,BTC-USD,BUY,99234.65,98818.07,-10.38
2025-02-02 11:35:00,2025-02-02 11:55:00,20.0,BTC-USD,SELL,98697.68,98223.84,15.42
2025-02-02 13:25:00,2025-02-02 13:35:00,10.0,BTC-USD,BUY,97783.2,97366.0,-10.43
2025-02-02 14:15:00,2025-02-02 14:25:00,10.0,BTC-USD,SELL,97477.14,97465.47,5.16
2025-02-02 19:00:00,2025-02-02 19:20:00,20.0,BTC-USD,SELL,97279.44,96396.35,15.57
2025-02-03 00:55:00,2025-02-03 01:50:00,55.0,BTC-USD,BUY,94285.54,93851.53,-10.54
2025-02-03 09:55:00,2025-02-03 10:40:00,45.0,BTC-USD,BUY,96706.34,98815.18,15.65
2025-02-03 10:45:00,2025-02-03 14:55:00,250.0,BTC-USD,BUY,99374.02,102094.44,15.88
2025-02-03 15:20:00,2025-02-03 23:05:00,465.0,BTC-USD,BUY,102056.0,100473.73,-10.75
2025-02-03 23:20:00,2025-02-04 00:05:00,45.0,BTC-USD,SELL,100399.74,99489.47,15.96
2025-02-04 00:10:00,2025-02-04 06:00:00,350.0,BTC-USD,SELL,99237.9,99291.94,5.4
2025-02-04 06:05:00,2025-02-04 10:15:00,250.0,BTC-USD,BUY,99479.54,98764.32,-10.85
2025-02-04 10:30:00,2025-02-04 14:15:00,225.0,BTC-USD,SELL,99271.01,100556.73,-10.74
2025-02-04 15:00:00,2025-02-05 09:40:00,1120.0,BTC-USD,SELL,99018.02,98839.14,5.32
2025-02-05 09:45:00,2025-02-05 10:00:00,15.0,BTC-USD,BUY,98915.08,97951.09,-10.69
2025-02-05 10:10:00,2025-02-05 11:50:00,100.0,BTC-USD,SELL,98308.72,98174.95,5.29
2025-02-05 12:25:00,2025-02-05 15:00:00,155.0,BTC-USD,SELL,97636.76,97562.81,5.32
2025-02-05 15:05:00,2025-02-05 17:35:00,150.0,BTC-USD,BUY,97692.17,96486.38,-10.69
2025-02-05 17:40:00,2025-02-05 23:15:00,335.0,BTC-USD,SELL,96335.05,97613.01,-10.58
2025-02-05 23:40:00,2025-02-06 10:15:00,635.0,BTC-USD,BUY,97626.49,98000.55,5.24
2025-02-06 10:20:00,2025-02-06 13:20:00,180.0,BTC-USD,SELL,97699.35,96304.33,15.79
2025-02-06 13:25:00,2025-02-06 20:50:00,445.0,BTC-USD,SELL,96186.34,97754.01,-10.69
2025-02-06 21:05:00,2025-02-07 01:25:00,260.0,BTC-USD,BUY,97376.98,96838.72,-10.58
2025-02-07 01:30:00,2025-02-07 07:00:00,330.0,BTC-USD,SELL,96852.26,97891.01,-10.47
2025-02-07 07:05:00,2025-02-07 09:05:00,120.0,BTC-USD,BUY,97807.83,99496.45,15.55
2025-02-07 09:10:00,2025-02-07 14:40:00,330.0,BTC-USD,BUY,99621.01,97051.94,-10.53
2025-02-07 17:00:00,2025-02-07 17:55:00,55.0,BTC-USD,SELL,95737.1,96083.45,-10.42
2025-02-07 18:50:00,2025-02-07 19:00:00,10.0,BTC-USD,BUY,96554.75,96500.0,-10.32
2025-02-07 19:15:00,2025-02-07 20:00:00,45.0,BTC-USD,BUY,96588.07,96715.09,5.11
2025-02-07 23:15:00,2025-02-08 00:00:00,45.0,BTC-USD,SELL,96538.58,96243.4,15.4
2025-02-08 00:05:00,2025-02-08 14:20:00,855.0,BTC-USD,SELL,96127.94,96630.0,-10.42
2025-02-08 14:25:00,2025-02-09 06:40:00,975.0,BTC-USD,BUY,96643.0,96634.47,5.16
2025-02-09 06:55:00,2025-02-09 07:05:00,10.0,BTC-USD,SELL,96566.88,96639.17,5.18
2025-02-09 07:10:00,2025-02-09 10:40:00,210.0,BTC-USD,SELL,96673.75,96648.48,5.21
2025-02-09 12:30:00,2025-02-09 15:25:00,175.0,BTC-USD,SELL,96007.93,96521.59,-10.47
2025-02-09 19:00:00,2025-02-09 19:25:00,25.0,BTC-USD,BUY,96804.15,96731.84,5.18
2025-02-09 19:30:00,2025-02-09 20:15:00,45.0,BTC-USD,BUY,96862.71,96287.29,-10.42
2025-02-09 20:55:00,2025-02-09 21:40:00,45.0,BTC-USD,SELL,95599.72,95979.21,-10.31
2025-02-09 21:45:00,2025-02-09 22:30:00,45.0,BTC-USD,BUY,95886.56,96823.99,15.31
2025-02-09 23:55:00,2025-02-10 00:15:00,20.0,BTC-USD,SELL,96948.29,96995.76,-10.36
2025-02-10 02:45:00,2025-02-10 03:10:00,25.0,BTC-USD,BUY,97386.74,97784.06,15.39
2025-02-10 04:40:00,2025-02-10 05:15:00,35.0,BTC-USD,SELL,97569.06,97871.78,-10.41
2025-02-10 08:45:00,2025-02-10 09:35:00,50.0,BTC-USD,BUY,97912.78,97462.0,-10.31
2025-02-10 14:35:00,2025-02-10 15:40:00,65.0,BTC-USD,SELL,97454.53,97503.1,5.1
2025-02-10 16:55:00,2025-02-10 19:35:00,160.0,BTC-USD,BUY,97404.44,97974.55,15.38
2025-02-10 19:40:00,2025-02-10 21:20:00,100.0,BTC-USD,BUY,98037.7,97734.55,-10.41
2025-02-10 21:25:00,2025-02-10 23:40:00,135.0,BTC-USD,SELL,97654.69,98008.69,-10.31
2025-02-11 00:00:00,2025-02-11 01:05:00,65.0,BTC-USD,BUY,98199.07,98264.44,5.1
2025-02-11 02:40:00,2025-02-11 02:50:00,10.0,BTC-USD,BUY,98440.91,98323.03,-10.25
2025-02-11 03:05:00,2025-02-11 06:50:00,225.0,BTC-USD,SELL,98216.83,98219.63,5.08
2025-02-11 07:25:00,2025-02-11 12:00:00,275.0,BTC-USD,SELL,97722.91,96226.28,15.3
2025-02-11 12:05:00,2025-02-12 11:50:00,1425.0,BTC-USD,SELL,96138.88,96478.82,5.18
2025-02-12 12:10:00,2025-02-18 03:45:00,8135.0,BTC-USD,BUY,97080.89,95131.11,-10.41
2025-02-18 04:15:00,2025-02-18 06:45:00,150.0,BTC-USD,BUY,95538.52,95600.01,5.15
2025-02-18 06:55:00,2025-02-18 07:05:00,10.0,BTC-USD,SELL,95605.56,95762.8,-10.35
2025-02-18 07:40:00,2025-02-18 10:50:00,190.0,BTC-USD,BUY,96121.53,95475.69,-10.25
2025-02-18 11:00:00,2025-02-18 11:35:00,35.0,BTC-USD,SELL,95418.22,94764.82,15.22
2025-02-18 11:55:00,2025-02-18 13:00:00,65.0,BTC-USD,SELL,94604.5,94234.38,15.45
2025-02-18 15:05:00,2025-02-18 15:35:00,30.0,BTC-USD,BUY,94201.77,93737.86,-10.45
2025-02-18 19:05:00,2025-02-18 19:20:00,15.0,BTC-USD,BUY,95689.9,95475.83,-10.35
2025-02-18 19:55:00,2025-02-18 20:45:00,50.0,BTC-USD,SELL,95298.0,95272.59,5.12
2025-02-18 21:00:00,2025-02-18 21:15:00,15.0,BTC-USD,BUY,95463.06,95453.33,5.15
2025-02-18 21:20:00,2025-02-18 22:10:00,50.0,BTC-USD,BUY,95599.92,95619.13,5.17
2025-02-18 22:20:00,2025-02-18 23:20:00,60.0,BTC-USD,BUY,95667.65,95554.85,-10.4
2025-02-18 23:50:00,2025-02-19 01:20:00,90.0,BTC-USD,SELL,95343.74,95322.61,5.15
2025-02-19 01:45:00,2025-02-19 02:45:00,60.0,BTC-USD,BUY,95476.02,95777.67,15.52
2025-02-19 02:50:00,2025-02-19 09:30:00,400.0,BTC-USD,BUY,95753.59,96622.69,15.76
2025-02-19 11:55:00,2025-02-19 13:10:00,75.0,BTC-USD,BUY,96291.3,95904.36,-10.66
2025-02-19 14:00:00,2025-02-19 14:10:00,10.0,BTC-USD,SELL,95575.43,95993.72,-10.55
2025-02-19 14:15:00,2025-02-19 18:00:00,225.0,BTC-USD,BUY,95922.91,96787.97,15.67
2025-02-19 18:05:00,2025-02-21 04:15:00,2050.0,BTC-USD,BUY,96665.25,98905.39,15.91
2025-02-21 04:20:00,2025-02-21 04:40:00,20.0,BTC-USD,BUY,98695.23,98238.68,-10.77
2025-02-21 05:00:00,2025-02-21 05:05:00,5.0,BTC-USD,SELL,98291.45,98431.23,-10.66
2025-02-21 05:10:00,2025-02-21 06:30:00,80.0,BTC-USD,BUY,98456.27,98749.14,15.83
2025-02-21 06:35:00,2025-02-21 08:10:00,95.0,BTC-USD,BUY,98737.08,99343.8,16.06
2025-02-21 08:15:00,2025-02-21 09:10:00,55.0,BTC-USD,BUY,99115.4,99151.84,5.43
2025-02-21 11:30:00,2025-02-21 12:30:00,60.0,BTC-USD,BUY,98429.19,97618.63,-10.92
2025-02-21 13:10:00,2025-02-21 13:20:00,10.0,BTC-USD,SELL,96712.2,97120.65,-10.82
2025-02-21 13:45:00,2025-02-24 18:35:00,4610.0,BTC-USD,SELL,96813.47,91976.38,16.06
2025-02-24 18:40:00,2025-02-24 19:20:00,40.0,BTC-USD,SELL,92008.98,92016.11,5.43
2025-02-24 21:25:00,2025-02-25 02:25:00,300.0,BTC-USD,SELL,92076.7,89399.62,16.38
2025-02-25 02:30:00,2025-02-25 06:45:00,255.0,BTC-USD,SELL,89000.0,89000.74,5.54
2025-02-25 07:10:00,2025-02-25 09:45:00,155.0,BTC-USD,BUY,89204.71,87478.27,-11.14
2025-02-25 09:50:00,2025-02-27 21:30:00,3580.0,BTC-USD,SELL,87391.24,80251.83,16.54
2025-02-27 21:50:00,2025-02-28 04:25:00,395.0,BTC-USD,SELL,80148.5,80362.14,5.6
2025-02-28 05:10:00,2025-02-28 06:15:00,65.0,BTC-USD,SELL,79891.54,80171.48,-11.25
2025-02-28 08:50:00,2025-02-28 10:15:00,85.0,BTC-USD,BUY,81531.43,83402.85,16.71
2025-02-28 10:20:00,2025-03-02 11:35:00,2955.0,BTC-USD,BUY,84003.99,91603.34,16.96
2025-03-02 11:40:00,2025-03-03 01:50:00,850.0,BTC-USD,BUY,91678.29,91466.71,5.74
2025-03-03 02:05:00,2025-03-03 06:10:00,245.0,BTC-USD,SELL,91552.95,92683.86,-11.53
2025-03-03 06:15:00,2025-03-03 09:35:00,200.0,BTC-USD,BUY,92580.76,91624.3,5.71
2025-03-03 09:40:00,2025-03-03 13:25:00,225.0,BTC-USD,SELL,91328.14,87689.71,17.21
2025-03-03 14:20:00,2025-03-03 20:45:00,385.0,BTC-USD,SELL,86970.47,82762.28,17.47
2025-03-03 20:55:00,2025-03-05 05:25:00,1950.0,BTC-USD,SELL,83317.66,89596.55,-11.82
2025-03-05 07:15:00,2025-03-05 07:20:00,5.0,BTC-USD,BUY,90593.01,90274.0,-11.7
2025-03-05 08:40:00,2025-03-05 10:00:00,80.0,BTC-USD,SELL,89126.35,88928.74,5.79
2025-03-05 10:15:00,2025-03-05 11:55:00,100.0,BTC-USD,SELL,88321.88,88894.25,-11.64
2025-03-05 12:50:00,2025-03-05 13:05:00,15.0,BTC-USD,BUY,89915.18,89023.18,-11.53
2025-03-05 14:20:00,2025-03-05 14:35:00,15.0,BTC-USD,BUY,90034.23,89559.63,-11.41
2025-03-05 15:10:00,2025-03-05 19:35:00,265.0,BTC-USD,BUY,90088.54,90198.81,5.65
2025-03-05 19:45:00,2025-03-05 20:40:00,55.0,BTC-USD,SELL,90109.93,90686.3,-11.35
2025-03-05 20:50:00,2025-03-06 02:55:00,365.0,BTC-USD,BUY,91298.54,91332.31,5.62
2025-03-06 03:05:00,2025-03-06 05:25:00,140.0,BTC-USD,SELL,91396.19,91647.81,5.65
2025-03-06 06:05:00,2025-03-06 06:15:00,10.0,BTC-USD,SELL,91075.66,91354.02,-11.35
2025-03-06 06:40:00,2025-03-06 07:00:00,20.0,BTC-USD,BUY,91419.69,91141.94,-11.24
2025-03-06 07:10:00,2025-03-06 07:35:00,25.0,BTC-USD,SELL,91026.72,90265.15,16.69
2025-03-06 07:40:00,2025-03-06 10:05:00,145.0,BTC-USD,SELL,90388.7,90778.09,5.65
2025-03-06 10:10:00,2025-03-06 11:55:00,105.0,BTC-USD,BUY,90630.61,89302.28,-11.35
2025-03-06 12:05:00,2025-03-06 17:00:00,295.0,BTC-USD,SELL,88832.12,90527.33,-11.24
2025-03-06 17:55:00,2025-03-06 19:15:00,80.0,BTC-USD,BUY,90304.75,88211.6,5.56
2025-03-06 20:45:00,2025-03-06 22:45:00,120.0,BTC-USD,BUY,88428.72,86784.68,-11.18
2025-03-06 22:50:00,2025-03-06 23:30:00,40.0,BTC-USD,SELL,87069.89,87596.36,-11.07
2025-03-06 23:35:00,2025-03-07 04:25:00,290.0,BTC-USD,BUY,87769.76,89267.15,16.44
2025-03-07 04:30:00,2025-03-07 07:40:00,190.0,BTC-USD,BUY,89449.4,88465.88,-11.12
2025-03-07 08:35:00,2025-03-07 08:55:00,20.0,BTC-USD,BUY,90155.77,89149.98,-11.01
2025-03-07 09:25:00,2025-03-07 09:40:00,15.0,BTC-USD,SELL,89121.12,89951.92,-10.9
2025-03-07 11:30:00,2025-03-09 11:45:00,2835.0,BTC-USD,SELL,87557.99,82935.78,16.19
2025-03-09 11:50:00,2025-03-10 05:15:00,1045.0,BTC-USD,SELL,82971.84,83086.94,5.48
2025-03-10 06:00:00,2025-03-10 06:25:00,25.0,BTC-USD,SELL,82588.58,81849.38,16.51
2025-03-10 06:30:00,2025-03-10 07:00:00,30.0,BTC-USD,SELL,81914.49,82354.6,-11.17
2025-03-10 07:10:00,2025-03-10 09:30:00,140.0,BTC-USD,BUY,82165.55,82262.98,5.53
2025-03-10 09:45:00,2025-03-10 10:00:00,15.0,BTC-USD,SELL,82185.95,80709.61,16.68
2025-03-10 10:05:00,2025-03-10 10:25:00,20.0,BTC-USD,SELL,80546.71,79843.92,5.64
2025-03-10 10:30:00,2025-03-10 17:35:00,425.0,BTC-USD,SELL,79709.87,79796.72,5.67
2025-03-10 19:00:00,2025-03-10 19:15:00,15.0,BTC-USD,BUY,79549.57,79075.41,-11.4
2025-03-10 20:10:00,2025-03-10 20:20:00,10.0,BTC-USD,SELL,78709.4,77720.31,16.93
2025-03-10 20:25:00,2025-03-10 22:00:00,95.0,BTC-USD,SELL,77247.78,78985.31,-11.45
2025-03-11 00:05:00,2025-03-11 00:55:00,50.0,BTC-USD,BUY,79713.39,79726.54,5.67
2025-03-11 01:25:00,2025-03-11 02:55:00,90.0,BTC-USD,BUY,80150.22,80071.84,5.7
2025-03-11 03:00:00,2025-03-11 07:00:00,240.0,BTC-USD,BUY,80239.44,81710.09,17.18
2025-03-11 07:40:00,2025-03-11 07:55:00,15.0,BTC-USD,BUY,81975.97,81705.72,-11.62
2025-03-11 13:25:00,2025-03-11 13:45:00,20.0,BTC-USD,SELL,80855.51,81499.87,-11.51
2025-03-11 14:00:00,2025-03-11 15:05:00,65.0,BTC-USD,BUY,81900.54,83238.19,17.09
2025-03-11 15:30:00,2025-03-12 11:00:00,1170.0,BTC-USD,BUY,83303.78,81067.53,-11.56
2025-03-12 11:05:00,2025-03-12 13:15:00,130.0,BTC-USD,SELL,80890.23,82677.38,-11.45
2025-03-12 15:40:00,2025-03-12 15:50:00,10.0,BTC-USD,SELL,82647.47,82907.49,-11.33
2025-03-12 17:05:00,2025-03-12 19:50:00,165.0,BTC-USD,BUY,83125.85,83859.74,16.83
2025-03-12 20:20:00,2025-03-12 20:50:00,30.0,BTC-USD,BUY,83853.52,83474.21,-11.39
2025-03-12 21:20:00,2025-03-12 21:50:00,30.0,BTC-USD,SELL,83512.11,84088.25,-11.27
2025-03-12 22:40:00,2025-03-13 00:35:00,115.0,BTC-USD,SELL,83936.59,83265.63,16.74
2025-03-13 00:40:00,2025-03-13 02:50:00,130.0,BTC-USD,SELL,83297.54,83240.6,5.66
2025-03-13 03:25:00,2025-03-13 04:15:00,50.0,BTC-USD,BUY,83408.99,82996.07,-11.39
2025-03-13 04:20:00,2025-03-13 08:30:00,250.0,BTC-USD,SELL,82774.05,83053.99,-11.27
2025-03-13 09:10:00,2025-03-13 11:35:00,145.0,BTC-USD,SELL,82558.09,81054.06,16.74
2025-03-13 11:45:00,2025-03-13 13:25:00,100.0,BTC-USD,SELL,81258.63,80349.41,16.99
2025-03-13 13:30:00,2025-03-13 21:40:00,490.0,BTC-USD,SELL,80150.63,81791.74,-11.5
2025-03-13 22:00:00,2025-03-13 22:25:00,25.0,BTC-USD,BUY,81649.86,81842.88,17.07
2025-03-13 22:35:00,2025-03-13 23:30:00,55.0,BTC-USD,BUY,81896.78,81896.28,5.78
2025-03-13 23:35:00,2025-03-14 01:55:00,140.0,BTC-USD,SELL,81893.69,82135.41,-11.61
2025-03-14 02:00:00,2025-03-14 02:20:00,20.0,BTC-USD,BUY,82093.04,81897.99,-11.49
2025-03-14 03:10:00,2025-03-14 03:45:00,35.0,BTC-USD,BUY,81996.86,82231.83,17.07
2025-03-14 05:00:00,2025-03-14 05:30:00,30.0,BTC-USD,BUY,82680.75,82697.97,5.77
2025-03-14 05:35:00,2025-03-14 07:35:00,120.0,BTC-USD,BUY,82786.26,83289.55,17.41
2025-03-14 07:40:00,2025-03-14 09:40:00,120.0,BTC-USD,BUY,83262.7,83268.61,5.89
2025-03-14 12:10:00,2025-03-14 12:45:00,35.0,BTC-USD,SELL,84521.38,84488.33,5.92
2025-03-14 14:10:00,2025-03-14 14:30:00,20.0,BTC-USD,SELL,84416.1,84422.74,5.95
2025-03-14 16:00:00,2025-03-14 16:15:00,15.0,BTC-USD,SELL,84478.35,84013.63,17.94
2025-03-14 16:20:00,2025-03-14 23:30:00,430.0,BTC-USD,SELL,83806.18,84624.46,-12.14
2025-03-15 02:50:00,2025-03-15 03:10:00,20.0,BTC-USD,SELL,84180.51,84101.88,18.03
2025-03-15 03:15:00,2025-03-15 03:45:00,30.0,BTC-USD,SELL,84066.2,84006.81,6.1
2025-03-15 03:50:00,2025-03-15 04:35:00,45.0,BTC-USD,SELL,83946.34,83954.68,6.13
2025-03-15 05:10:00,2025-03-15 07:30:00,140.0,BTC-USD,SELL,83821.89,84086.82,-12.32
2025-03-15 07:40:00,2025-03-15 07:55:00,15.0,BTC-USD,BUY,84105.78,84118.58,6.1
2025-03-15 10:05:00,2025-03-15 11:05:00,60.0,BTC-USD,SELL,84304.36,84319.47,6.13
2025-03-15 11:10:00,2025-03-15 15:00:00,230.0,BTC-USD,BUY,84333.35,84158.11,-12.32
2025-03-15 16:45:00,2025-03-15 16:50:00,5.0,BTC-USD,BUY,84423.05,84383.08,-12.2
2025-03-15 17:20:00,2025-03-15 17:25:00,5.0,BTC-USD,SELL,84247.52,84387.39,-12.07
2025-03-15 18:00:00,2025-03-15 20:35:00,155.0,BTC-USD,BUY,84391.94,84307.23,-11.95
2025-03-15 21:10:00,2025-03-15 21:35:00,25.0,BTC-USD,SELL,84170.76,83978.5,17.75
2025-03-15 21:50:00,2025-03-15 22:05:00,15.0,BTC-USD,SELL,83974.87,83791.05,18.02
2025-03-15 22:10:00,2025-03-15 22:35:00,25.0,BTC-USD,SELL,83802.13,84088.05,-12.19
2025-03-15 23:10:00,2025-03-16 03:05:00,235.0,BTC-USD,BUY,84019.56,84020.61,6.03
2025-03-16 04:00:00,2025-03-16 06:25:00,145.0,BTC-USD,BUY,84286.59,83761.47,-12.13
2025-03-16 06:30:00,2025-03-16 07:10:00,40.0,BTC-USD,SELL,83746.28,83239.8,18.01
2025-03-16 07:25:00,2025-03-16 12:05:00,280.0,BTC-USD,SELL,82852.15,84578.99,-12.19
2025-03-16 14:25:00,2025-03-16 14:30:00,5.0,BTC-USD,BUY,84018.92,83895.46,-12.07
2025-03-16 14:35:00,2025-03-16 15:10:00,35.0,BTC-USD,SELL,83815.25,83204.6,17.92
2025-03-16 15:30:00,2025-03-16 16:05:00,35.0,BTC-USD,SELL,82979.48,83276.1,-12.12
2025-03-16 16:45:00,2025-03-16 16:55:00,10.0,BTC-USD,SELL,83029.55,83213.26,-12.0
2025-03-16 17:30:00,2025-03-16 18:10:00,40.0,BTC-USD,SELL,82783.66,82555.05,17.83
2025-03-16 18:15:00,2025-03-16 20:50:00,155.0,BTC-USD,SELL,82424.05,83042.53,-12.06
2025-03-16 20:55:00,2025-03-17 21:40:00,1485.0,BTC-USD,BUY,83045.72,83051.39,5.97
2025-03-17 21:50:00,2025-03-18 03:05:00,315.0,BTC-USD,SELL,83100.33,83105.52,6.0
2025-03-18 03:20:00,2025-03-18 05:50:00,150.0,BTC-USD,BUY,83045.26,82923.16,6.03
2025-03-18 06:30:00,2025-03-18 06:35:00,5.0,BTC-USD,SELL,82635.58,82818.97,-12.12
2025-03-18 07:50:00,2025-03-18 08:00:00,10.0,BTC-USD,SELL,82528.21,82622.5,-12.0
2025-03-18 09:30:00,2025-03-18 09:40:00,10.0,BTC-USD,SELL,82087.83,81374.3,17.82
2025-03-18 09:45:00,2025-03-18 15:55:00,370.0,BTC-USD,SELL,81378.34,82308.47,-12.06
2025-03-18 17:35:00,2025-03-18 18:00:00,25.0,BTC-USD,SELL,81991.81,82169.83,-11.94
2025-03-18 18:15:00,2025-03-18 18:55:00,40.0,BTC-USD,BUY,82223.49,82370.3,17.73
2025-03-18 19:15:00,2025-03-18 21:55:00,160.0,BTC-USD,BUY,82617.66,82602.89,6.0
2025-03-18 22:20:00,2025-03-18 22:40:00,20.0,BTC-USD,SELL,82679.67,82814.18,-12.06
2025-03-18 22:50:00,2025-03-19 09:15:00,625.0,BTC-USD,BUY,82798.79,84268.74,17.9
2025-03-19 09:20:00,2025-03-19 09:35:00,15.0,BTC-USD,BUY,83983.02,83814.66,-12.11
2025-03-19 10:10:00,2025-03-19 13:40:00,210.0,BTC-USD,BUY,84110.95,84008.01,6.0
2025-03-19 14:25:00,2025-03-19 14:50:00,25.0,BTC-USD,SELL,84277.84,85342.56,-12.05
2025-03-19 15:10:00,2025-03-21 08:55:00,2505.0,BTC-USD,BUY,85723.02,83430.4,-11.93
2025-03-21 09:00:00,2025-03-21 09:45:00,45.0,BTC-USD,SELL,83476.37,83789.33,-11.81
2025-03-21 10:15:00,2025-03-23 18:15:00,3360.0,BTC-USD,BUY,83932.93,85677.96,17.54
2025-03-23 21:55:00,2025-03-23 22:50:00,55.0,BTC-USD,SELL,85580.44,85945.27,-11.87
2025-03-23 23:00:00,2025-03-23 23:15:00,15.0,BTC-USD,BUY,86022.04,86351.37,17.63
2025-03-23 23:20:00,2025-03-24 02:15:00,175.0,BTC-USD,BUY,86341.14,87104.18,17.89
2025-03-24 02:50:00,2025-03-24 19:20:00,990.0,BTC-USD,BUY,87110.82,87149.1,6.05
2025-03-24 20:20:00,2025-03-24 21:15:00,55.0,BTC-USD,BUY,87570.19,87282.37,-12.17
2025-03-24 22:50:00,2025-03-24 23:35:00,45.0,BTC-USD,SELL,86887.51,86557.54,18.07
2025-03-25 01:20:00,2025-03-25 02:45:00,85.0,BTC-USD,BUY,86595.05,86554.33,6.11
2025-03-25 03:00:00,2025-03-25 03:25:00,25.0,BTC-USD,BUY,86784.33,86565.04,-12.29
2025-03-25 03:45:00,2025-03-25 04:20:00,35.0,BTC-USD,SELL,86443.12,86642.84,-12.16
2025-03-25 04:25:00,2025-03-25 05:35:00,70.0,BTC-USD,BUY,86628.09,87189.24,18.06
2025-03-25 05:40:00,2025-03-25 09:50:00,250.0,BTC-USD,BUY,87117.47,87492.77,6.11
2025-03-25 10:20:00,2025-03-26 12:55:00,1595.0,BTC-USD,BUY,87725.05,86507.95,-12.28
2025-03-26 13:15:00,2025-03-26 13:40:00,25.0,BTC-USD,SELL,86510.16,86687.87,-12.16
2025-03-26 14:15:00,2025-03-26 14:45:00,30.0,BTC-USD,SELL,86637.15,86402.75,18.06
2025-03-26 14:50:00,2025-03-26 15:10:00,20.0,BTC-USD,SELL,86379.43,85925.03,18.33
2025-03-26 16:00:00,2025-03-26 19:15:00,195.0,BTC-USD,BUY,86673.35,86600.31,6.2
2025-03-26 19:20:00,2025-03-26 19:30:00,10.0,BTC-USD,SELL,86624.86,86899.81,-12.47
2025-03-26 20:45:00,2025-03-26 21:00:00,15.0,BTC-USD,BUY,87189.07,87371.67,18.51
2025-03-26 21:05:00,2025-03-27 07:45:00,640.0,BTC-USD,BUY,87364.16,86887.93,-12.53
2025-03-27 07:50:00,2025-03-27 08:30:00,40.0,BTC-USD,SELL,86854.79,86899.42,-12.4
2025-03-27 09:10:00,2025-03-27 10:00:00,50.0,BTC-USD,SELL,86649.98,86552.51,6.14
2025-03-27 11:10:00,2025-03-27 11:30:00,20.0,BTC-USD,BUY,87389.95,87132.84,-12.34
2025-03-27 15:20:00,2025-03-27 15:45:00,25.0,BTC-USD,BUY,87388.51,87250.51,-12.22
2025-03-27 17:30:00,2025-03-27 18:25:00,55.0,BTC-USD,BUY,87684.52,87367.31,-12.09
2025-03-27 19:40:00,2025-03-27 20:40:00,60.0,BTC-USD,SELL,87134.16,87202.93,5.99
2025-03-27 21:35:00,2025-03-27 22:30:00,55.0,BTC-USD,BUY,87434.02,87123.23,-12.03
2025-03-27 22:40:00,2025-03-28 00:40:00,120.0,BTC-USD,SELL,87079.99,86237.21,17.87
2025-03-28 00:45:00,2025-03-29 05:40:00,1735.0,BTC-USD,SELL,86130.94,83491.61,18.14
2025-03-29 05:45:00,2025-03-29 06:15:00,30.0,BTC-USD,SELL,83525.91,83523.0,6.14
2025-03-29 06:40:00,2025-03-29 07:15:00,35.0,BTC-USD,SELL,83267.23,82713.72,18.5
2025-03-29 07:20:00,2025-03-29 13:30:00,370.0,BTC-USD,SELL,82505.56,82502.1,6.26
2025-03-29 14:10:00,2025-03-30 12:30:00,1340.0,BTC-USD,BUY,82392.55,82416.27,6.29
2025-03-30 12:35:00,2025-03-30 13:25:00,50.0,BTC-USD,SELL,82504.92,82407.78,6.32
2025-03-30 13:45:00,2025-03-30 15:00:00,75.0,BTC-USD,SELL,82280.0,82853.9,-12.71
2025-03-30 18:10:00,2025-03-30 18:30:00,20.0,BTC-USD,SELL,81884.35,82285.53,-12.58
2025-03-30 19:50:00,2025-03-30 20:05:00,15.0,BTC-USD,BUY,82360.18,82226.18,-12.45
2025-03-30 22:05:00,2025-03-30 22:45:00,40.0,BTC-USD,SELL,81775.15,82074.65,-12.33
2025-03-30 23:00:00,2025-03-30 23:05:00,5.0,BTC-USD,BUY,82024.85,81813.97,-12.21
2025-03-31 01:20:00,2025-03-31 01:35:00,15.0,BTC-USD,BUY,82245.79,82068.97,-12.08
2025-03-31 03:10:00,2025-03-31 03:15:00,5.0,BTC-USD,BUY,82057.76,81939.98,-11.96
2025-03-31 03:55:00,2025-03-31 04:55:00,60.0,BTC-USD,BUY,81918.99,81894.91,5.92
2025-03-31 05:15:00,2025-03-31 06:45:00,90.0,BTC-USD,SELL,81663.05,82133.68,-11.9
2025-03-31 08:35:00,2025-03-31 08:50:00,15.0,BTC-USD,BUY,82181.83,82856.31,17.68
2025-03-31 08:55:00,2025-03-31 09:30:00,35.0,BTC-USD,BUY,82776.28,81921.59,-11.96
2025-03-31 09:35:00,2025-03-31 09:50:00,15.0,BTC-USD,SELL,82113.23,82465.86,5.92
2025-03-31 09:55:00,2025-03-31 15:50:00,355.0,BTC-USD,BUY,82485.44,82617.86,5.95
2025-03-31 15:55:00,2025-04-01 02:50:00,655.0,BTC-USD,SELL,82443.85,83458.14,-11.96
2025-04-01 02:55:00,2025-04-01 05:50:00,175.0,BTC-USD,BUY,83451.66,84285.56,17.76
2025-04-01 05:55:00,2025-04-01 08:40:00,165.0,BTC-USD,BUY,84350.01,83741.82,-12.02
2025-04-01 08:50:00,2025-04-01 09:40:00,50.0,BTC-USD,SELL,83749.45,83719.0,5.95
2025-04-01 09:45:00,2025-04-01 10:00:00,15.0,BTC-USD,SELL,83823.4,83287.58,17.94
2025-04-01 11:30:00,2025-04-01 12:20:00,50.0,BTC-USD,BUY,84970.44,85028.95,6.07
2025-04-01 13:10:00,2025-04-01 14:00:00,50.0,BTC-USD,BUY,85144.52,84820.21,-12.2
2025-04-01 17:05:00,2025-04-01 18:55:00,110.0,BTC-USD,BUY,85314.81,85094.08,-12.07
2025-04-01 20:10:00,2025-04-02 01:25:00,315.0,BTC-USD,SELL,85103.9,84241.93,17.93
2025-04-02 01:35:00,2025-04-02 02:40:00,65.0,BTC-USD,SELL,84262.51,84307.64,6.07
2025-04-02 03:30:00,2025-04-02 05:05:00,95.0,BTC-USD,BUY,84406.87,84922.3,18.29
2025-04-02 05:10:00,2025-04-02 16:10:00,660.0,BTC-USD,BUY,85303.25,87776.92,18.57
2025-04-02 16:15:00,2025-04-02 16:25:00,10.0,BTC-USD,BUY,87951.28,85855.72,-12.56
2025-04-02 17:00:00,2025-04-02 17:15:00,15.0,BTC-USD,SELL,85309.37,84430.3,18.66
2025-04-02 17:20:00,2025-04-02 19:00:00,100.0,BTC-USD,SELL,84707.83,82487.72,18.94
2025-04-02 19:05:00,2025-04-06 19:05:00,5760.0,BTC-USD,SELL,82479.59,77559.75,19.22
2025-04-06 19:10:00,2025-04-07 09:50:00,880.0,BTC-USD,SELL,77676.05,77712.57,6.5
2025-04-07 10:30:00,2025-04-08 21:10:00,2080.0,BTC-USD,BUY,78268.69,75265.13,-13.07
2025-04-08 21:15:00,2025-04-09 02:10:00,295.0,BTC-USD,SELL,75133.97,77242.49,-12.94
2025-04-09 02:30:00,2025-04-09 13:20:00,650.0,BTC-USD,BUY,76939.93,80737.86,19.22
2025-04-09 13:25:00,2025-04-22 09:45:00,18500.0,BTC-USD,BUY,80809.15,90312.53,19.5
2025-04-22 10:30:00,2025-04-22 10:45:00,15.0,BTC-USD,BUY,90457.32,90763.01,19.8
2025-04-22 10:50:00,2025-04-22 11:30:00,40.0,BTC-USD,BUY,90770.53,90882.16,6.7
2025-04-22 13:30:00,2025-04-22 15:35:00,125.0,BTC-USD,BUY,91212.96,91164.8,6.73
2025-04-22 17:30:00,2025-04-22 17:45:00,15.0,BTC-USD,BUY,91345.84,93449.98,20.29
2025-04-22 18:00:00,2025-04-27 21:55:00,7435.0,BTC-USD,BUY,92842.68,92977.65,6.87
2025-04-27 22:20:00,2025-04-28 00:15:00,115.0,BTC-USD,BUY,93402.11,94049.98,20.7
2025-04-28 00:45:00,2025-04-28 07:05:00,380.0,BTC-USD,BUY,94127.08,95472.19,21.01
2025-04-28 07:20:00,2025-04-28 09:55:00,155.0,BTC-USD,BUY,95403.36,94001.3,-14.22
2025-04-28 10:00:00,2025-04-28 10:05:00,5.0,BTC-USD,SELL,94367.4,94464.09,14.08
2025-04-28 11:00:00,2025-04-28 11:25:00,25.0,BTC-USD,SELL,94437.17,93802.01,21.33
2025-04-28 11:30:00,2025-04-28 15:20:00,230.0,BTC-USD,SELL,93785.47,94738.03,-14.43
2025-04-28 15:25:00,2025-04-28 16:45:00,80.0,BTC-USD,BUY,94720.59,94449.32,-14.29
2025-04-28 16:50:00,2025-04-28 18:05:00,75.0,BTC-USD,SELL,94446.85,94663.98,-14.14
2025-04-28 20:35:00,2025-04-28 22:50:00,135.0,BTC-USD,BUY,95127.11,94594.04,-14.0
2025-04-28 22:55:00,2025-04-29 02:15:00,200.0,BTC-USD,SELL,94645.79,94673.46,6.93
2025-04-29 02:35:00,2025-04-29 09:15:00,400.0,BTC-USD,BUY,94683.59,94687.42,6.97
2025-04-29 09:25:00,2025-04-29 10:05:00,40.0,BTC-USD,SELL,94895.51,95059.69,7.0
2025-04-29 12:25:00,2025-04-29 12:55:00,30.0,BTC-USD,BUY,95170.36,94992.92,7.04
2025-04-29 17:10:00,2025-04-29 19:05:00,115.0,BTC-USD,SELL,94704.29,93900.02,21.21
2025-04-29 19:35:00,2025-04-29 20:00:00,25.0,BTC-USD,BUY,94005.82,94200.74,21.53
2025-04-29 20:05:00,2025-04-30 00:00:00,235.0,BTC-USD,BUY,94357.69,94986.32,21.85
2025-04-30 00:05:00,2025-04-30 08:35:00,510.0,BTC-USD,BUY,94956.02,94496.16,-14.79
2025-04-30 09:05:00,2025-04-30 09:25:00,20.0,BTC-USD,SELL,94418.42,94562.32,-14.64
2025-04-30 14:05:00,2025-04-30 15:25:00,80.0,BTC-USD,BUY,94282.99,93791.11,-14.49
2025-04-30 15:30:00,2025-04-30 15:55:00,25.0,BTC-USD,SELL,93813.98,94157.42,-14.35
2025-04-30 16:50:00,2025-04-30 16:55:00,5.0,BTC-USD,BUY,94656.05,94577.56,-14.2
2025-04-30 17:30:00,2025-04-30 18:00:00,30.0,BTC-USD,SELL,94544.74,94653.85,-14.06
2025-04-30 18:45:00,2025-04-30 20:45:00,120.0,BTC-USD,SELL,94087.54,94397.86,-13.92
2025-04-30 21:15:00,2025-04-30 23:10:00,115.0,BTC-USD,BUY,94663.31,94735.0,20.67
2025-04-30 23:35:00,2025-04-30 23:40:00,5.0,BTC-USD,BUY,94900.79,94863.38,-13.99
2025-05-01 01:10:00,2025-05-01 05:35:00,265.0,BTC-USD,BUY,94997.64,95463.01,20.77
2025-05-01 05:40:00,2025-05-01 09:10:00,210.0,BTC-USD,BUY,95447.49,96544.35,21.09
2025-05-01 09:15:00,2025-05-02 21:30:00,2175.0,BTC-USD,BUY,96540.04,96500.54,7.13
2025-05-02 21:35:00,2025-05-02 22:00:00,25.0,BTC-USD,SELL,96540.98,96612.46,-14.34
2025-05-02 22:30:00,2025-05-02 23:15:00,45.0,BTC-USD,BUY,96703.56,96461.27,-14.2
2025-05-02 23:50:00,2025-05-03 00:20:00,30.0,BTC-USD,SELL,96398.69,96556.05,-14.05
2025-05-03 00:45:00,2025-05-03 00:50:00,5.0,BTC-USD,BUY,96536.65,96533.74,13.91
2025-05-03 02:45:00,2025-05-03 03:35:00,50.0,BTC-USD,SELL,96226.75,96351.37,-14.05
2025-05-03 06:00:00,2025-05-03 22:00:00,960.0,BTC-USD,SELL,96271.01,96240.48,6.96
2025-05-03 22:20:00,2025-05-03 22:30:00,10.0,BTC-USD,BUY,96295.51,96051.92,-13.98
2025-05-03 23:10:00,2025-05-04 01:05:00,115.0,BTC-USD,SELL,95772.2,95937.52,-13.84
2025-05-04 01:45:00,2025-05-04 02:40:00,55.0,BTC-USD,BUY,96059.42,95927.17,-13.7
2025-05-04 03:20:00,2025-05-04 03:30:00,10.0,BTC-USD,BUY,95951.85,95869.02,-13.57
2025-05-04 04:40:00,2025-05-04 10:50:00,370.0,BTC-USD,SELL,95639.58,95641.31,6.72
2025-05-04 12:15:00,2025-05-04 19:30:00,435.0,BTC-USD,SELL,95387.59,94432.63,20.25
2025-05-04 19:35:00,2025-05-04 22:35:00,180.0,BTC-USD,SELL,94397.65,94311.18,6.85
2025-05-04 22:40:00,2025-05-05 22:05:00,1405.0,BTC-USD,BUY,94252.58,94234.94,6.88
2025-05-05 22:10:00,2025-05-05 22:45:00,35.0,BTC-USD,SELL,94244.56,94297.88,6.92
2025-05-05 23:30:00,2025-05-06 04:10:00,280.0,BTC-USD,BUY,94431.41,94192.65,-13.91
2025-05-06 06:00:00,2025-05-06 06:15:00,15.0,BTC-USD,SELL,94162.08,94249.28,-13.77
2025-05-06 06:55:00,2025-05-06 10:00:00,185.0,BTC-USD,SELL,93929.61,93931.55,6.81
2025-05-06 10:35:00,2025-05-06 12:55:00,140.0,BTC-USD,BUY,94284.37,94241.89,6.85
2025-05-06 14:15:00,2025-05-06 16:25:00,130.0,BTC-USD,BUY,94797.51,94786.66,6.88
2025-05-06 18:10:00,2025-05-06 18:50:00,40.0,BTC-USD,BUY,95169.29,96185.04,20.75
2025-05-06 18:55:00,2025-05-06 21:00:00,125.0,BTC-USD,BUY,96249.63,97599.95,21.06
2025-05-06 21:05:00,2025-05-08 11:40:00,2315.0,BTC-USD,BUY,97499.95,101282.16,21.38
2025-05-08 11:45:00,2025-05-08 17:15:00,330.0,BTC-USD,BUY,101353.78,102961.31,21.7
2025-05-08 17:20:00,2025-05-12 07:55:00,5195.0,BTC-USD,BUY,103680.61,103753.93,7.34
2025-05-12 08:00:00,2025-05-12 09:30:00,90.0,BTC-USD,SELL,103869.12,104228.62,-14.76
2025-05-12 10:20:00,2025-05-12 10:30:00,10.0,BTC-USD,SELL,103756.02,103269.98,21.92
2025-05-12 10:35:00,2025-05-12 14:05:00,210.0,BTC-USD,SELL,103446.0,101861.05,22.24
2025-05-12 14:10:00,2025-05-12 15:00:00,50.0,BTC-USD,SELL,101960.75,101963.07,7.53
2025-05-12 15:15:00,2025-05-13 12:15:00,1260.0,BTC-USD,BUY,101938.28,104230.38,22.69
2025-05-13 12:25:00,2025-05-13 18:25:00,360.0,BTC-USD,BUY,104184.46,104268.9,7.68
2025-05-13 19:40:00,2025-05-13 22:05:00,145.0,BTC-USD,BUY,104166.63,103537.86,-15.43
2025-05-13 22:20:00,2025-05-14 05:00:00,400.0,BTC-USD,SELL,103727.25,103009.77,22.91
2025-05-14 08:05:00,2025-05-14 08:25:00,20.0,BTC-USD,BUY,104018.95,104019.28,7.75
2025-05-14 12:10:00,2025-05-14 12:15:00,5.0,BTC-USD,BUY,103632.63,103374.91,-15.58
2025-05-14 13:05:00,2025-05-14 13:25:00,20.0,BTC-USD,SELL,103243.27,102893.56,23.14
2025-05-14 13:30:00,2025-05-14 14:55:00,85.0,BTC-USD,SELL,102928.6,103541.59,-15.66
2025-05-14 15:45:00,2025-05-14 16:00:00,15.0,BTC-USD,SELL,103452.58,103434.63,7.75
2025-05-14 19:00:00,2025-05-14 19:10:00,10.0,BTC-USD,SELL,103500.0,103572.42,-15.58
2025-05-14 22:10:00,2025-05-15 01:05:00,175.0,BTC-USD,SELL,103069.52,102679.65,23.14
2025-05-15 01:10:00,2025-05-15 03:25:00,135.0,BTC-USD,SELL,102636.02,101921.61,23.48
2025-05-15 03:30:00,2025-05-15 04:30:00,60.0,BTC-USD,SELL,101818.18,102279.29,-15.89
2025-05-15 04:35:00,2025-05-15 05:30:00,55.0,BTC-USD,BUY,102177.8,101853.49,-15.73
2025-05-15 05:35:00,2025-05-15 07:05:00,90.0,BTC-USD,SELL,101702.21,102147.89,-15.57
2025-05-15 07:40:00,2025-05-15 08:30:00,50.0,BTC-USD,BUY,102285.77,102826.05,23.13
2025-05-15 08:35:00,2025-05-15 09:45:00,70.0,BTC-USD,BUY,102746.79,101755.22,-15.65
2025-05-15 10:50:00,2025-05-15 11:20:00,30.0,BTC-USD,SELL,101674.61,102354.66,-15.49
2025-05-15 13:15:00,2025-05-15 14:00:00,45.0,BTC-USD,BUY,103862.69,103874.7,7.67
2025-05-15 14:20:00,2025-05-15 18:00:00,220.0,BTC-USD,SELL,103530.65,103495.77,7.71
2025-05-15 18:40:00,2025-05-16 04:00:00,560.0,BTC-USD,BUY,103682.81,103580.67,7.75
2025-05-16 05:10:00,2025-05-16 07:25:00,135.0,BTC-USD,BUY,103652.66,103656.89,7.78
2025-05-16 08:15:00,2025-05-16 10:00:00,105.0,BTC-USD,BUY,103746.64,103802.49,7.82
2025-05-16 10:00:00,2025-05-16 10:40:00,40.0,BTC-USD,BUY,103802.49,103377.66,-15.73
2025-05-16 11:30:00,2025-05-16 12:05:00,35.0,BTC-USD,BUY,104067.19,104377.13,23.35
2025-05-16 15:15:00,2025-05-16 15:30:00,15.0,BTC-USD,SELL,103658.92,103863.27,-15.8
2025-05-16 15:55:00,2025-05-16 16:30:00,35.0,BTC-USD,BUY,104069.32,103676.88,-15.64
2025-05-16 16:40:00,2025-05-16 21:10:00,270.0,BTC-USD,SELL,103642.83,102965.9,23.23
2025-05-16 21:15:00,2025-05-18 03:55:00,1840.0,BTC-USD,SELL,102896.01,103957.26,-15.72
2025-05-18 04:00:00,2025-05-18 09:55:00,355.0,BTC-USD,BUY,103974.09,104750.23,23.34
2025-05-18 10:00:00,2025-05-18 14:00:00,240.0,BTC-USD,BUY,104683.06,104378.53,7.9
2025-05-18 14:05:00,2025-05-18 18:50:00,285.0,BTC-USD,SELL,104187.46,105642.07,-15.87
2025-05-18 18:55:00,2025-05-18 20:30:00,95.0,BTC-USD,BUY,105971.1,105935.78,7.86
2025-05-18 21:05:00,2025-05-18 23:20:00,135.0,BTC-USD,SELL,104994.89,104327.25,23.69
2025-05-18 23:25:00,2025-05-19 00:50:00,85.0,BTC-USD,SELL,104220.7,102859.39,24.05
2025-05-19 01:10:00,2025-05-19 11:35:00,625.0,BTC-USD,SELL,103003.72,104865.33,-16.27
2025-05-19 11:40:00,2025-05-19 14:30:00,170.0,BTC-USD,BUY,104904.27,104856.65,8.05
2025-05-19 15:55:00,2025-05-19 23:45:00,470.0,BTC-USD,BUY,105556.13,105574.78,8.09
2025-05-19 23:50:00,2025-05-20 13:05:00,795.0,BTC-USD,SELL,105703.53,105795.29,8.14
2025-05-20 14:50:00,2025-05-20 15:20:00,30.0,BTC-USD,SELL,105589.85,106297.27,-16.35
2025-05-20 15:25:00,2025-05-21 05:00:00,815.0,BTC-USD,BUY,106352.04,106561.28,8.09
2025-05-21 05:30:00,2025-05-21 08:25:00,175.0,BTC-USD,SELL,106275.75,106877.95,-16.27
2025-05-21 09:05:00,2025-05-21 09:40:00,35.0,BTC-USD,SELL,106504.34,107200.03,-16.11
2025-05-21 14:20:00,2025-05-21 14:40:00,20.0,BTC-USD,SELL,106648.01,107391.27,-15.95
2025-05-21 15:00:00,2025-05-21 15:05:00,5.0,BTC-USD,BUY,107218.49,106658.63,-15.79
2025-05-21 15:20:00,2025-05-21 19:10:00,230.0,BTC-USD,SELL,107071.49,109423.77,-15.63
2025-05-21 21:30:00,2025-05-21 23:50:00,140.0,BTC-USD,BUY,110060.0,111694.59,23.21
2025-05-21 23:55:00,2025-05-22 02:25:00,150.0,BTC-USD,BUY,111805.99,110842.47,-15.7
2025-05-22 02:45:00,2025-05-22 03:05:00,20.0,BTC-USD,SELL,110699.63,110700.02,7.77
2025-05-22 03:35:00,2025-05-23 07:55:00,1700.0,BTC-USD,BUY,110887.85,109105.05,-15.62
2025-05-23 08:00:00,2025-05-30 12:30:00,10350.0,BTC-USD,SELL,108635.26,104208.02,23.2
2025-05-30 12:35:00,2025-05-31 10:05:00,1290.0,BTC-USD,SELL,104398.14,104437.32,7.85
2025-05-31 10:10:00,2025-05-31 12:00:00,110.0,BTC-USD,BUY,104464.29,104557.53,7.89
2025-05-31 12:50:00,2025-05-31 16:55:00,245.0,BTC-USD,SELL,104564.28,104843.99,-15.86
2025-05-31 17:00:00,2025-05-31 17:10:00,10.0,BTC-USD,BUY,104913.46,104736.03,-15.7
2025-05-31 17:40:00,2025-05-31 20:30:00,170.0,BTC-USD,BUY,104887.48,104437.26,-15.54
2025-05-31 21:30:00,2025-05-31 22:05:00,35.0,BTC-USD,SELL,104333.81,103982.69,23.08
2025-05-31 22:10:00,2025-05-31 22:50:00,40.0,BTC-USD,SELL,103997.06,104297.27,-15.62
2025-06-01 00:00:00,2025-06-01 05:30:00,330.0,BTC-USD,BUY,104479.98,103904.02,-15.46
2025-06-01 05:35:00,2025-06-01 09:15:00,220.0,BTC-USD,SELL,103943.76,104401.61,-15.31
2025-06-01 09:25:00,2025-06-01 10:20:00,55.0,BTC-USD,BUY,104236.94,104696.51,22.73
2025-06-01 10:25:00,2025-06-01 14:30:00,245.0,BTC-USD,BUY,104724.43,104660.0,7.69
2025-06-01 14:35:00,2025-06-01 15:00:00,25.0,BTC-USD,SELL,104496.59,105001.95,-15.46
2025-06-01 15:15:00,2025-06-01 15:30:00,15.0,BTC-USD,BUY,104945.33,105150.95,22.96
2025-06-01 15:35:00,2025-06-01 22:55:00,440.0,BTC-USD,BUY,105085.09,105076.0,7.77
2025-06-01 23:55:00,2025-06-02 03:15:00,200.0,BTC-USD,SELL,104885.77,105430.82,-15.61
2025-06-02 03:20:00,2025-06-02 03:30:00,10.0,BTC-USD,BUY,105425.5,105308.34,-15.45
2025-06-02 04:00:00,2025-06-02 05:15:00,75.0,BTC-USD,BUY,105496.26,104852.01,-15.3
2025-06-02 06:00:00,2025-06-02 06:05:00,5.0,BTC-USD,SELL,104523.27,104653.04,-15.15
2025-06-02 06:10:00,2025-06-02 10:30:00,260.0,BTC-USD,SELL,104681.23,104682.96,7.5
2025-06-02 11:40:00,2025-06-02 18:20:00,400.0,BTC-USD,BUY,104439.45,105611.57,22.61
2025-06-02 18:45:00,2025-06-02 20:10:00,85.0,BTC-USD,BUY,105731.98,106223.78,22.94
2025-06-02 20:30:00,2025-06-05 10:15:00,3705.0,BTC-USD,BUY,106353.38,104041.94,-15.53
2025-06-05 10:20:00,2025-06-05 16:15:00,355.0,BTC-USD,SELL,104134.76,101229.43,23.06
2025-06-05 16:20:00,2025-06-06 01:10:00,530.0,BTC-USD,SELL,101493.82,102973.54,-15.6
2025-06-06 02:10:00,2025-06-06 03:30:00,80.0,BTC-USD,BUY,103251.4,103177.82,7.72
2025-06-06 03:50:00,2025-06-06 04:15:00,25.0,BTC-USD,SELL,103168.86,103574.02,-15.52
2025-06-06 04:55:00,2025-06-06 06:05:00,70.0,BTC-USD,BUY,103573.79,103805.8,23.05
2025-06-06 06:10:00,2025-06-06 08:40:00,150.0,BTC-USD,BUY,103854.62,103781.62,7.8
2025-06-06 09:05:00,2025-06-06 11:10:00,125.0,BTC-USD,BUY,104010.1,105283.97,23.51
2025-06-06 11:15:00,2025-06-09 13:25:00,4450.0,BTC-USD,BUY,105088.84,108397.27,23.87
2025-06-09 13:35:00,2025-06-12 16:50:00,4515.0,BTC-USD,BUY,108415.35,105857.73,-16.15
2025-06-12 18:50:00,2025-06-12 19:00:00,10.0,BTC-USD,SELL,105811.74,106121.61,-15.99
2025-06-12 20:20:00,2025-06-12 20:40:00,20.0,BTC-USD,SELL,104021.69,103980.66,7.91
2025-06-12 20:50:00,2025-06-12 21:10:00,20.0,BTC-USD,SELL,103750.56,103010.74,23.86
2025-06-12 21:30:00,2025-06-12 23:10:00,100.0,BTC-USD,SELL,103183.53,104055.14,-16.15
2025-06-13 01:05:00,2025-06-13 06:05:00,300.0,BTC-USD,BUY,104472.66,104717.22,7.99
2025-06-13 09:05:00,2025-06-13 09:25:00,20.0,BTC-USD,SELL,104836.38,104904.89,-16.06
2025-06-13 09:35:00,2025-06-13 09:55:00,20.0,BTC-USD,BUY,105310.54,104790.71,-15.9
2025-06-13 11:40:00,2025-06-13 14:30:00,170.0,BTC-USD,BUY,105720.07,104910.19,-15.74
2025-06-13 15:05:00,2025-06-13 15:25:00,20.0,BTC-USD,BUY,105312.92,105096.86,-15.59
2025-06-13 16:25:00,2025-06-13 17:45:00,80.0,BTC-USD,BUY,105367.64,105714.86,23.15
2025-06-13 17:55:00,2025-06-13 21:00:00,185.0,BTC-USD,BUY,105669.7,105610.94,7.83
2025-06-13 21:05:00,2025-06-14 11:30:00,865.0,BTC-USD,SELL,105642.2,104820.83,23.61
2025-06-14 12:05:00,2025-06-14 12:50:00,45.0,BTC-USD,SELL,104807.04,104485.98,23.97
2025-06-14 12:55:00,2025-06-14 13:15:00,20.0,BTC-USD,SELL,104500.9,104665.25,-16.22
2025-06-14 14:50:00,2025-06-14 16:10:00,80.0,BTC-USD,BUY,104754.72,104419.33,-16.05
2025-06-14 17:05:00,2025-06-14 17:25:00,20.0,BTC-USD,BUY,104998.81,105225.32,23.84
2025-06-14 18:00:00,2025-06-14 18:40:00,40.0,BTC-USD,BUY,105532.85,105366.8,-16.13
2025-06-14 22:05:00,2025-06-15 01:45:00,220.0,BTC-USD,BUY,105583.52,106042.51,23.96
2025-06-15 03:05:00,2025-06-15 04:00:00,55.0,BTC-USD,SELL,105364.75,105433.02,-16.21
2025-06-15 05:00:00,2025-06-15 06:05:00,65.0,BTC-USD,SELL,105092.06,105107.59,8.02
2025-06-15 07:00:00,2025-06-15 07:30:00,30.0,BTC-USD,BUY,105154.92,104988.04,-16.13
2025-06-15 07:35:00,2025-06-15 08:10:00,35.0,BTC-USD,SELL,105021.57,105164.98,-15.97
2025-06-15 09:20:00,2025-06-15 09:35:00,15.0,BTC-USD,BUY,105600.4,105349.35,-15.81
2025-06-15 09:55:00,2025-06-15 11:55:00,120.0,BTC-USD,BUY,105565.67,105597.85,7.83
2025-06-15 12:10:00,2025-06-15 16:15:00,245.0,BTC-USD,SELL,105576.72,105026.53,23.59
2025-06-15 16:20:00,2025-06-15 19:35:00,195.0,BTC-USD,SELL,105008.9,105533.19,-15.96
2025-06-15 19:40:00,2025-06-16 10:20:00,880.0,BTC-USD,BUY,105621.26,107177.76,23.71
2025-06-16 11:40:00,2025-06-16 11:55:00,15.0,BTC-USD,BUY,107589.44,107478.21,-16.04
2025-06-16 13:40:00,2025-06-16 15:15:00,95.0,BTC-USD,BUY,107875.23,108642.5,23.82
2025-06-16 15:20:00,2025-06-16 18:40:00,200.0,BTC-USD,BUY,108838.85,107511.02,-16.12
2025-06-16 18:50:00,2025-06-17 06:35:00,705.0,BTC-USD,SELL,107808.8,105820.02,23.94
2025-06-17 06:40:00,2025-06-17 12:45:00,365.0,BTC-USD,SELL,105800.0,103891.52,24.3
2025-06-17 13:05:00,2025-06-23 16:15:00,8830.0,BTC-USD,SELL,103687.82,103710.6,8.22
2025-06-23 16:20:00,2025-06-25 08:55:00,2435.0,BTC-USD,BUY,103813.72,107291.51,24.78
2025-06-25 09:00:00,2025-06-25 09:15:00,15.0,BTC-USD,BUY,107288.01,107811.46,25.16
2025-06-25 09:20:00,2025-06-25 11:15:00,115.0,BTC-USD,BUY,107944.58,107131.01,-17.02
2025-06-25 11:25:00,2025-06-25 15:05:00,220.0,BTC-USD,SELL,107139.32,107734.3,-16.85
2025-06-25 16:45:00,2025-06-25 17:00:00,15.0,BTC-USD,BUY,107831.63,107892.19,25.03
2025-06-25 17:30:00,2025-06-25 20:15:00,165.0,BTC-USD,SELL,107645.41,107557.69,8.47
2025-06-25 20:45:00,2025-06-25 20:50:00,5.0,BTC-USD,BUY,107450.3,107443.75,-17.02
2025-06-25 21:05:00,2025-06-25 22:55:00,110.0,BTC-USD,SELL,107295.78,107990.89,-16.85
2025-06-25 23:35:00,2025-06-26 03:10:00,215.0,BTC-USD,SELL,107937.29,107897.63,8.34
2025-06-26 03:20:00,2025-06-26 05:05:00,105.0,BTC-USD,BUY,108095.2,107523.99,-16.76
2025-06-26 05:15:00,2025-06-26 10:30:00,315.0,BTC-USD,SELL,107512.34,107680.57,8.3
2025-06-26 10:55:00,2025-06-26 11:30:00,35.0,BTC-USD,SELL,107494.52,106773.65,25.02
2025-06-26 11:40:00,2025-06-26 16:30:00,290.0,BTC-USD,SELL,106965.97,107893.43,-16.93
2025-06-26 17:25:00,2025-06-26 17:35:00,10.0,BTC-USD,SELL,107300.01,107114.46,25.14
2025-06-26 17:40:00,2025-06-26 21:10:00,210.0,BTC-USD,SELL,107011.68,106948.1,8.51
2025-06-26 21:25:00,2025-06-27 03:40:00,375.0,BTC-USD,BUY,107060.25,107040.69,8.55
2025-06-27 05:00:00,2025-06-27 07:25:00,145.0,BTC-USD,BUY,106946.3,106966.12,8.59
2025-06-27 07:50:00,2025-06-27 08:20:00,30.0,BTC-USD,SELL,106978.78,107198.69,-17.27
2025-06-27 08:55:00,2025-06-27 11:40:00,165.0,BTC-USD,SELL,106721.57,107242.1,-17.09
2025-06-27 11:50:00,2025-06-27 13:25:00,95.0,BTC-USD,BUY,107469.91,107029.34,-16.92
2025-06-27 13:30:00,2025-06-27 16:05:00,155.0,BTC-USD,SELL,107099.98,107090.68,8.38
2025-06-27 16:30:00,2025-06-27 17:15:00,45.0,BTC-USD,BUY,107164.98,107161.24,8.42
2025-06-27 19:25:00,2025-06-29 04:30:00,1985.0,BTC-USD,SELL,107067.7,107674.34,-16.92
2025-06-29 04:35:00,2025-06-29 07:50:00,195.0,BTC-USD,BUY,107667.1,108457.49,25.13
2025-06-29 07:55:00,2025-06-29 10:30:00,155.0,BTC-USD,BUY,108517.46,108036.62,-17.0
2025-06-29 11:10:00,2025-06-29 11:45:00,35.0,BTC-USD,BUY,108033.86,107798.05,-16.83
2025-06-29 11:55:00,2025-06-29 18:40:00,405.0,BTC-USD,SELL,107775.37,108160.69,-16.67
2025-06-29 18:45:00,2025-06-29 18:55:00,10.0,BTC-USD,BUY,108280.23,108122.51,-16.5
2025-06-29 19:00:00,2025-06-30 03:00:00,480.0,BTC-USD,BUY,108247.59,107522.46,-16.33
2025-06-30 04:05:00,2025-06-30 04:15:00,10.0,BTC-USD,BUY,107738.9,107605.38,-16.17
2025-06-30 04:35:00,2025-06-30 07:15:00,160.0,BTC-USD,SELL,107597.31,107843.06,-16.01
2025-06-30 07:20:00,2025-06-30 10:05:00,165.0,BTC-USD,BUY,107905.58,107193.7,-15.85
2025-06-30 10:10:00,2025-06-30 11:45:00,95.0,BTC-USD,SELL,107517.55,107730.94,7.85
2025-06-30 12:10:00,2025-06-30 12:20:00,10.0,BTC-USD,BUY,107803.13,107380.12,-15.77
2025-06-30 13:15:00,2025-06-30 13:20:00,5.0,BTC-USD,BUY,107692.43,107721.11,-15.61
2025-06-30 13:40:00,2025-06-30 13:50:00,10.0,BTC-USD,BUY,107800.01,107576.4,-15.46
2025-06-30 14:10:00,2025-06-30 20:15:00,365.0,BTC-USD,SELL,107399.63,107459.13,7.65
2025-06-30 21:15:00,2025-07-01 00:45:00,210.0,BTC-USD,BUY,107512.75,106994.82,-15.38
2025-07-01 00:50:00,2025-07-01 09:35:00,525.0,BTC-USD,SELL,106943.51,106586.69,7.61
2025-07-01 12:05:00,2025-07-01 14:15:00,130.0,BTC-USD,BUY,106100.0,106033.93,7.65
2025-07-01 16:45:00,2025-07-01 17:00:00,15.0,BTC-USD,BUY,105827.0,105850.08,7.69
2025-07-01 17:10:00,2025-07-01 17:30:00,20.0,BTC-USD,BUY,105915.64,105919.79,7.73
2025-07-01 17:35:00,2025-07-01 17:55:00,20.0,BTC-USD,BUY,105901.78,105806.94,-15.53
2025-07-01 18:25:00,2025-07-01 19:10:00,45.0,BTC-USD,SELL,105725.64,105396.78,23.06
2025-07-01 20:10:00,2025-07-01 20:50:00,40.0,BTC-USD,BUY,105751.08,105454.92,-15.61
2025-07-01 20:55:00,2025-07-01 21:40:00,45.0,BTC-USD,SELL,105404.39,105793.99,-15.45
2025-07-01 23:15:00,2025-07-02 00:50:00,95.0,BTC-USD,BUY,106022.72,106372.28,22.94
2025-07-02 00:55:00,2025-07-02 02:05:00,70.0,BTC-USD,BUY,106409.15,106787.65,23.29
2025-07-02 02:10:00,2025-07-02 04:00:00,110.0,BTC-USD,BUY,106781.31,107456.74,23.64
2025-07-02 04:05:00,2025-07-02 07:45:00,220.0,BTC-USD,BUY,107416.18,107439.79,8.0
2025-07-02 09:20:00,2025-07-02 12:05:00,165.0,BTC-USD,BUY,107518.22,109623.54,24.11
2025-07-02 12:10:00,2025-07-03 11:05:00,1375.0,BTC-USD,BUY,109485.57,109478.02,8.16
2025-07-03 11:10:00,2025-07-03 12:45:00,95.0,BTC-USD,SELL,109521.4,109722.47,8.2
2025-07-03 13:15:00,2025-07-04 03:50:00,875.0,BTC-USD,BUY,109663.01,108776.37,-16.48
2025-07-04 05:35:00,2025-07-04 08:45:00,190.0,BTC-USD,BUY,109021.25,108767.81,-16.31
2025-07-04 08:50:00,2025-07-04 09:45:00,55.0,BTC-USD,SELL,108759.53,108226.75,24.23
2025-07-04 09:50:00,2025-07-04 18:20:00,510.0,BTC-USD,SELL,108203.38,108174.74,8.2
2025-07-04 18:25:00,2025-07-04 22:10:00,225.0,BTC-USD,BUY,108159.12,107927.1,-16.47
2025-07-04 22:15:00,2025-07-04 22:35:00,20.0,BTC-USD,SELL,107950.02,107975.84,8.15
2025-07-05 00:15:00,2025-07-05 00:25:00,10.0,BTC-USD,SELL,108106.31,108409.31,-16.39
2025-07-05 01:30:00,2025-07-05 01:50:00,20.0,BTC-USD,SELL,108064.78,108184.87,-16.23
2025-07-05 02:45:00,2025-07-05 03:05:00,20.0,BTC-USD,BUY,108296.45,108194.09,-16.07
2025-07-05 03:30:00,2025-07-05 05:05:00,95.0,BTC-USD,SELL,108121.99,107953.54,23.86
2025-07-05 05:10:00,2025-07-05 06:30:00,80.0,BTC-USD,SELL,107986.89,108200.41,-16.14
2025-07-05 06:35:00,2025-07-05 08:00:00,85.0,BTC-USD,BUY,108181.33,108062.1,-15.98
2025-07-05 08:20:00,2025-07-05 08:40:00,20.0,BTC-USD,SELL,108037.83,108124.56,-15.82
2025-07-05 09:20:00,2025-07-05 09:35:00,15.0,BTC-USD,BUY,108214.09,108156.36,-15.66
2025-07-05 10:15:00,2025-07-05 12:25:00,130.0,BTC-USD,BUY,108223.02,108002.1,-15.51
2025-07-05 14:20:00,2025-07-05 14:45:00,25.0,BTC-USD,SELL,108003.92,108026.41,-15.35
2025-07-05 17:00:00,2025-07-05 19:10:00,130.0,BTC-USD,BUY,108149.77,108273.11,22.8
2025-07-05 19:30:00,2025-07-06 00:30:00,300.0,BTC-USD,BUY,108256.86,108037.25,-15.43
2025-07-06 01:15:00,2025-07-06 01:20:00,5.0,BTC-USD,SELL,108016.42,108045.25,-15.27
2025-07-06 02:05:00,2025-07-06 02:15:00,10.0,BTC-USD,SELL,108033.96,108200.37,-15.12
2025-07-06 02:35:00,2025-07-06 03:40:00,65.0,BTC-USD,BUY,108176.62,108102.93,-14.97
2025-07-06 03:45:00,2025-07-06 04:05:00,20.0,BTC-USD,SELL,108102.93,108090.29,7.41
2025-07-06 05:40:00,2025-07-06 05:45:00,5.0,BTC-USD,BUY,108062.33,107919.53,-14.89
2025-07-06 05:50:00,2025-07-06 06:30:00,40.0,BTC-USD,SELL,107912.68,108046.5,-14.74
2025-07-06 06:35:00,2025-07-06 08:55:00,140.0,BTC-USD,BUY,108042.45,108277.42,21.89
2025-07-06 09:05:00,2025-07-06 09:35:00,30.0,BTC-USD,BUY,108256.11,108624.36,22.22
2025-07-06 10:00:00,2025-07-06 20:55:00,655.0,BTC-USD,BUY,108821.75,108842.35,7.52
2025-07-06 23:30:00,2025-07-07 00:05:00,35.0,BTC-USD,BUY,109556.79,109357.26,-15.11
2025-07-07 00:10:00,2025-07-07 01:30:00,80.0,BTC-USD,SELL,109351.41,109132.99,22.44
2025-07-07 03:05:00,2025-07-07 03:10:00,5.0,BTC-USD,SELL,108780.94,108890.35,-15.19
2025-07-07 03:35:00,2025-07-07 07:20:00,225.0,BTC-USD,BUY,108983.99,108696.12,-15.03
2025-07-07 07:25:00,2025-07-08 06:35:00,1390.0,BTC-USD,SELL,108756.51,108846.25,7.44
2025-07-08 06:40:00,2025-07-08 10:15:00,215.0,BTC-USD,BUY,108901.77,108606.1,-14.96
2025-07-08 10:30:00,2025-07-08 13:05:00,155.0,BTC-USD,SELL,108695.43,108753.4,7.4
2025-07-08 16:00:00,2025-07-08 16:20:00,20.0,BTC-USD,SELL,108752.6,108885.44,-14.88
2025-07-08 17:15:00,2025-07-08 17:40:00,25.0,BTC-USD,SELL,108736.78,108933.38,-14.73
2025-07-08 17:45:00,2025-07-08 22:55:00,310.0,BTC-USD,BUY,108974.51,108643.37,-14.59
2025-07-08 23:05:00,2025-07-08 23:15:00,10.0,BTC-USD,SELL,108616.46,108462.05,21.66
2025-07-08 23:20:00,2025-07-09 01:35:00,135.0,BTC-USD,SELL,108435.19,108872.1,-14.66
2025-07-09 03:20:00,2025-07-09 04:15:00,55.0,BTC-USD,SELL,108804.89,108860.38,7.26
2025-07-09 04:25:00,2025-07-09 08:25:00,240.0,BTC-USD,BUY,108837.0,109519.59,21.87
2025-07-09 08:30:00,2025-07-09 10:25:00,115.0,BTC-USD,BUY,109528.99,108938.78,-14.8
2025-07-09 10:30:00,2025-07-09 12:45:00,135.0,BTC-USD,SELL,108806.06,109425.05,-14.65
2025-07-09 12:50:00,2025-07-09 15:40:00,170.0,BTC-USD,BUY,109429.89,111441.86,21.76
2025-07-09 15:45:00,2025-07-10 17:15:00,1530.0,BTC-USD,BUY,111596.05,116178.34,22.09
2025-07-10 17:20:00,2025-07-14 01:20:00,4800.0,BTC-USD,BUY,116071.95,122404.02,22.42
2025-07-14 01:25:00,2025-07-14 07:20:00,355.0,BTC-USD,BUY,122349.88,121413.74,-15.17
2025-07-14 08:15:00,2025-07-14 09:30:00,75.0,BTC-USD,BUY,121765.2,121339.41,-15.02
2025-07-14 09:35:00,2025-07-14 09:40:00,5.0,BTC-USD,SELL,121578.61,121835.89,-14.87
2025-07-14 09:55:00,2025-07-14 10:30:00,35.0,BTC-USD,SELL,121726.43,121000.0,22.08
2025-07-14 11:00:00,2025-07-14 11:30:00,30.0,BTC-USD,SELL,120884.69,120141.21,22.41
2025-07-14 11:35:00,2025-07-14 22:15:00,640.0,BTC-USD,SELL,120111.14,118002.11,22.75
2025-07-14 22:50:00,2025-07-15 09:40:00,650.0,BTC-USD,SELL,118382.33,118251.87,7.7
2025-07-15 11:10:00,2025-07-16 04:35:00,1045.0,BTC-USD,SELL,116082.07,118715.72,-15.47
2025-07-16 04:55:00,2025-07-16 11:35:00,400.0,BTC-USD,BUY,118725.8,118720.07,7.66
2025-07-16 11:40:00,2025-07-16 12:20:00,40.0,BTC-USD,SELL,119099.4,119261.55,7.7
2025-07-16 13:15:00,2025-07-16 13:25:00,10.0,BTC-USD,BUY,119413.86,119718.25,23.2
2025-07-16 13:30:00,2025-07-16 13:50:00,20.0,BTC-USD,BUY,119729.07,119151.55,-15.7
2025-07-16 14:05:00,2025-07-16 14:30:00,25.0,BTC-USD,SELL,119547.31,119678.19,7.77
2025-07-16 14:55:00,2025-07-16 15:30:00,35.0,BTC-USD,BUY,119587.9,118973.6,-15.62
2025-07-16 15:35:00,2025-07-16 16:20:00,45.0,BTC-USD,SELL,118993.53,119480.36,-15.46
2025-07-16 16:55:00,2025-07-16 17:35:00,40.0,BTC-USD,BUY,119978.98,119674.64,-15.31
2025-07-16 17:55:00,2025-07-16 18:45:00,50.0,BTC-USD,SELL,119370.0,118688.65,22.73
2025-07-16 18:55:00,2025-07-16 20:40:00,105.0,BTC-USD,SELL,118713.13,119183.8,-15.38
2025-07-16 21:25:00,2025-07-16 21:45:00,20.0,BTC-USD,SELL,118741.92,117800.07,22.84
2025-07-16 21:50:00,2025-07-16 22:05:00,15.0,BTC-USD,SELL,117977.05,118312.86,-15.46
2025-07-16 23:25:00,2025-07-17 00:30:00,65.0,BTC-USD,SELL,117925.54,118422.92,-15.3
2025-07-17 01:40:00,2025-07-17 03:05:00,85.0,BTC-USD,BUY,118613.85,118028.91,-15.15
2025-07-17 03:15:00,2025-07-17 05:25:00,130.0,BTC-USD,SELL,118051.69,119181.1,-15.0
2025-07-17 05:30:00,2025-07-17 08:05:00,155.0,BTC-USD,BUY,118971.49,117802.92,-14.85
2025-07-17 08:10:00,2025-07-17 08:35:00,25.0,BTC-USD,SELL,117840.06,117731.28,7.35
2025-07-17 09:30:00,2025-07-17 09:35:00,5.0,BTC-USD,SELL,117668.59,117929.09,-14.77
2025-07-17 10:10:00,2025-07-17 11:05:00,55.0,BTC-USD,BUY,118528.08,118576.3,7.31
2025-07-17 14:15:00,2025-07-17 15:45:00,90.0,BTC-USD,BUY,119452.38,119348.98,7.35
2025-07-17 17:00:00,2025-07-17 18:50:00,110.0,BTC-USD,BUY,119855.83,119683.41,7.39
2025-07-17 18:55:00,2025-07-17 20:45:00,110.0,BTC-USD,SELL,119845.05,119742.25,7.42
2025-07-17 21:05:00,2025-07-17 21:35:00,30.0,BTC-USD,BUY,120032.99,120605.8,22.38
2025-07-17 21:45:00,2025-07-18 03:25:00,340.0,BTC-USD,BUY,120396.99,119762.43,-15.15
2025-07-18 03:30:00,2025-07-18 10:15:00,405.0,BTC-USD,SELL,119768.02,118393.44,22.49
2025-07-18 11:10:00,2025-07-26 06:25:00,11235.0,BTC-USD,SELL,117806.16,117816.22,7.61
2025-07-26 06:30:00,2025-07-26 07:40:00,70.0,BTC-USD,BUY,117854.38,117860.17,7.65
2025-07-26 08:35:00,2025-07-26 09:15:00,40.0,BTC-USD,BUY,117951.88,118240.25,23.06
2025-07-26 09:30:00,2025-07-26 11:15:00,105.0,BTC-USD,BUY,118188.22,117955.89,-15.6
2025-07-26 11:55:00,2025-07-26 16:30:00,275.0,BTC-USD,BUY,118172.6,117989.01,-15.45
2025-07-26 16:40:00,2025-07-26 22:50:00,370.0,BTC-USD,SELL,118034.88,118376.85,-15.29
2025-07-27 00:15:00,2025-07-27 02:40:00,145.0,BTC-USD,SELL,118269.32,118403.7,-15.14
2025-07-27 02:55:00,2025-07-27 05:00:00,125.0,BTC-USD,BUY,118326.91,118019.35,-14.99
2025-07-27 05:50:00,2025-07-27 06:00:00,10.0,BTC-USD,SELL,117915.9,118113.72,-14.84
2025-07-27 06:05:00,2025-07-27 12:00:00,355.0,BTC-USD,BUY,118161.35,119004.41,22.03
2025-07-27 12:05:00,2025-07-27 12:35:00,30.0,BTC-USD,BUY,118796.13,119550.01,22.36
2025-07-27 12:45:00,2025-07-27 16:55:00,250.0,BTC-USD,BUY,119437.18,118794.62,-15.13
2025-07-27 17:00:00,2025-07-27 17:25:00,25.0,BTC-USD,SELL,118829.44,119071.77,-14.98
2025-07-27 17:55:00,2025-07-28 09:30:00,935.0,BTC-USD,BUY,119310.08,118344.98,-14.83
2025-07-28 10:10:00,2025-07-28 20:15:00,605.0,BTC-USD,SELL,118480.2,118287.64,7.34
2025-07-28 22:05:00,2025-07-28 22:25:00,20.0,BTC-USD,SELL,117880.65,117898.4,7.38
2025-07-28 22:40:00,2025-07-28 23:05:00,25.0,BTC-USD,BUY,117964.38,118390.41,22.25
2025-07-29 00:45:00,2025-07-29 01:45:00,60.0,BTC-USD,SELL,118471.21,118791.18,-15.05
2025-07-29 01:50:00,2025-07-29 02:40:00,50.0,BTC-USD,BUY,118871.16,119000.91,7.45
2025-07-29 03:50:00,2025-07-29 06:00:00,130.0,BTC-USD,BUY,118988.7,118763.95,-14.98
2025-07-29 06:55:00,2025-07-29 07:55:00,60.0,BTC-USD,SELL,118319.33,118601.76,-14.83
2025-07-29 08:15:00,2025-07-29 08:35:00,20.0,BTC-USD,BUY,118619.54,119058.61,22.02
2025-07-29 08:40:00,2025-07-29 10:00:00,80.0,BTC-USD,BUY,119057.68,118363.06,-14.9
2025-07-29 13:25:00,2025-07-30 14:45:00,1520.0,BTC-USD,BUY,117899.15,116900.96,-14.75
2025-07-30 14:50:00,2025-07-30 20:45:00,355.0,BTC-USD,SELL,116780.34,118509.76,-14.6
2025-07-30 20:55:00,2025-07-31 14:05:00,1030.0,BTC-USD,BUY,118405.03,117521.06,-14.46
2025-07-31 15:40:00,2025-07-31 20:50:00,310.0,BTC-USD,SELL,116922.55,115020.62,21.47
2025-07-31 21:05:00,2025-08-03 21:00:00,4315.0,BTC-USD,SELL,114955.13,114806.83,7.26
2025-08-03 21:10:00,2025-08-04 01:10:00,240.0,BTC-USD,BUY,114766.27,114332.25,-14.6
2025-08-04 01:15:00,2025-08-04 01:55:00,40.0,BTC-USD,SELL,114259.75,114398.04,-14.45
2025-08-04 02:25:00,2025-08-04 02:50:00,25.0,BTC-USD,SELL,114269.71,114419.74,-14.31
2025-08-04 02:55:00,2025-08-04 03:35:00,40.0,BTC-USD,BUY,114428.22,114682.92,21.25
2025-08-04 03:40:00,2025-08-04 04:25:00,45.0,BTC-USD,BUY,114699.99,114467.8,-14.38
2025-08-04 05:05:00,2025-08-04 09:25:00,260.0,BTC-USD,SELL,114578.87,114188.92,21.35
2025-08-04 11:35:00,2025-08-04 12:00:00,25.0,BTC-USD,SELL,114715.0,114968.51,-14.45
2025-08-04 12:55:00,2025-08-04 13:30:00,35.0,BTC-USD,BUY,115299.98,115300.0,7.15
2025-08-04 13:35:00,2025-08-04 15:30:00,115.0,BTC-USD,SELL,115328.89,114804.14,21.56
2025-08-04 16:10:00,2025-08-04 17:15:00,65.0,BTC-USD,SELL,114678.75,115077.59,-14.59
2025-08-04 17:25:00,2025-08-04 20:00:00,155.0,BTC-USD,BUY,114989.13,114997.83,7.22
2025-08-04 20:05:00,2025-08-04 23:05:00,180.0,BTC-USD,SELL,115021.62,114470.18,21.78
2025-08-04 23:10:00,2025-08-05 01:00:00,110.0,BTC-USD,SELL,114454.61,114453.41,7.37
2025-08-05 01:10:00,2025-08-05 01:40:00,30.0,BTC-USD,BUY,114437.27,114231.1,-14.81
2025-08-05 02:15:00,2025-08-05 02:30:00,15.0,BTC-USD,BUY,114490.8,114380.01,-14.66
2025-08-05 03:40:00,2025-08-05 04:30:00,50.0,BTC-USD,SELL,114038.26,114483.29,-14.51
2025-08-05 05:10:00,2025-08-05 05:45:00,35.0,BTC-USD,BUY,114449.59,114633.98,21.55
2025-08-05 05:55:00,2025-08-05 06:05:00,10.0,BTC-USD,BUY,114677.38,114568.6,7.29
2025-08-05 08:00:00,2025-08-05 08:35:00,35.0,BTC-USD,SELL,114778.14,113707.29,21.99
2025-08-05 08:55:00,2025-08-05 09:45:00,50.0,BTC-USD,SELL,113930.71,114451.72,-14.88
2025-08-05 10:05:00,2025-08-05 19:00:00,535.0,BTC-USD,SELL,114028.8,114068.84,7.36
2025-08-05 19:05:00,2025-08-06 14:00:00,1135.0,BTC-USD,BUY,114063.33,115692.4,22.2
2025-08-06 14:05:00,2025-08-06 14:40:00,35.0,BTC-USD,BUY,115664.17,115346.93,-15.02
2025-08-06 15:05:00,2025-08-06 15:55:00,50.0,BTC-USD,SELL,115418.94,115295.57,22.31
2025-08-06 16:55:00,2025-08-06 17:05:00,10.0,BTC-USD,SELL,115072.82,115176.61,-15.1
2025-08-06 19:35:00,2025-08-06 20:30:00,55.0,BTC-USD,SELL,115006.99,115030.72,7.47
2025-08-06 20:40:00,2025-08-06 21:20:00,40.0,BTC-USD,SELL,114939.34,115093.58,-15.02
2025-08-06 22:10:00,2025-08-06 22:40:00,30.0,BTC-USD,BUY,114864.85,114613.96,-14.87
2025-08-06 22:55:00,2025-08-07 04:00:00,305.0,BTC-USD,SELL,114575.61,115012.51,-14.72
2025-08-07 04:15:00,2025-08-07 04:30:00,15.0,BTC-USD,BUY,115050.0,115055.19,7.29
2025-08-07 04:35:00,2025-08-07 05:10:00,35.0,BTC-USD,BUY,115050.03,114936.79,-14.65
2025-08-07 06:20:00,2025-08-07 15:45:00,565.0,BTC-USD,BUY,115620.54,117493.67,21.75
2025-08-07 16:45:00,2025-08-07 17:10:00,25.0,BTC-USD,SELL,117366.57,117395.01,7.36
2025-08-07 17:35:00,2025-08-07 17:45:00,10.0,BTC-USD,SELL,117220.13,117290.36,7.4
2025-08-07 20:05:00,2025-08-07 20:20:00,15.0,BTC-USD,SELL,117352.86,117054.9,22.3
2025-08-07 20:25:00,2025-08-07 20:35:00,10.0,BTC-USD,SELL,117178.14,117580.43,-15.09
2025-08-07 20:40:00,2025-08-07 21:00:00,20.0,BTC-USD,BUY,117617.96,117015.71,-14.94
2025-08-07 21:15:00,2025-08-08 03:15:00,360.0,BTC-USD,SELL,116873.17,116874.66,7.39
2025-08-08 03:50:00,2025-08-08 04:35:00,45.0,BTC-USD,BUY,116886.89,116525.99,-14.86
2025-08-08 06:40:00,2025-08-08 06:55:00,15.0,BTC-USD,SELL,116471.32,116566.72,7.36
2025-08-08 07:30:00,2025-08-08 10:10:00,160.0,BTC-USD,BUY,116830.36,116806.22,7.39
2025-08-08 10:15:00,2025-08-08 10:40:00,25.0,BTC-USD,BUY,116758.36,116559.74,-14.86
2025-08-08 11:30:00,2025-08-08 11:55:00,25.0,BTC-USD,SELL,116243.75,116212.94,7.36
2025-08-08 13:30:00,2025-08-08 14:05:00,35.0,BTC-USD,BUY,116504.11,116891.12,22.18
2025-08-08 14:15:00,2025-08-08 14:35:00,20.0,BTC-USD,BUY,116900.0,116449.73,-15.01
2025-08-08 15:50:00,2025-08-08 16:40:00,50.0,BTC-USD,SELL,116496.47,116798.98,-14.86
2025-08-08 17:30:00,2025-08-08 19:30:00,120.0,BTC-USD,BUY,116881.19,116738.38,-14.71
2025-08-08 19:40:00,2025-08-08 22:35:00,175.0,BTC-USD,SELL,116722.04,116399.97,21.84
2025-08-08 22:45:00,2025-08-09 00:35:00,110.0,BTC-USD,SELL,116427.48,116655.44,-14.78
2025-08-09 00:55:00,2025-08-09 01:05:00,10.0,BTC-USD,SELL,116465.87,116666.0,-14.63
2025-08-09 01:15:00,2025-08-09 05:10:00,235.0,BTC-USD,BUY,116804.81,117422.38,21.73
2025-08-09 05:15:00,2025-08-09 06:20:00,65.0,BTC-USD,BUY,117327.16,117802.89,22.06
2025-08-09 06:25:00,2025-08-09 08:40:00,135.0,BTC-USD,BUY,117774.2,117046.86,-14.92
2025-08-09 09:05:00,2025-08-09 09:25:00,20.0,BTC-USD,SELL,117045.37,117013.85,7.39
2025-08-09 09:30:00,2025-08-09 16:40:00,430.0,BTC-USD,SELL,116892.8,116943.87,7.42
2025-08-09 18:10:00,2025-08-09 21:45:00,215.0,BTC-USD,BUY,116604.98,116592.92,7.46
2025-08-09 21:50:00,2025-08-09 22:15:00,25.0,BTC-USD,SELL,116575.45,116728.94,-15.0
2025-08-09 22:40:00,2025-08-09 23:20:00,40.0,BTC-USD,BUY,117049.27,118226.98,22.27
2025-08-09 23:25:00,2025-08-10 23:00:00,1415.0,BTC-USD,BUY,118372.18,121761.89,22.61
2025-08-10 23:05:00,2025-08-11 07:00:00,475.0,BTC-USD,BUY,121894.89,120913.23,-15.3
2025-08-11 07:45:00,2025-08-11 08:40:00,55.0,BTC-USD,SELL,120379.06,119561.85,22.72
2025-08-11 09:00:00,2025-08-11 09:05:00,5.0,BTC-USD,SELL,119481.25,119603.76,-15.37
2025-08-11 09:35:00,2025-08-11 09:50:00,15.0,BTC-USD,BUY,119816.81,119841.56,7.61
2025-08-11 10:00:00,2025-08-11 14:00:00,240.0,BTC-USD,BUY,120224.59,119267.78,-15.29
2025-08-11 14:05:00,2025-08-12 09:30:00,1165.0,BTC-USD,SELL,119326.27,119523.05,7.57
2025-08-12 10:45:00,2025-08-12 11:20:00,35.0,BTC-USD,BUY,119238.89,119696.1,22.82
2025-08-12 11:25:00,2025-08-13 01:50:00,865.0,BTC-USD,BUY,119779.01,119019.55,-15.44
2025-08-13 02:10:00,2025-08-13 04:10:00,120.0,BTC-USD,BUY,119241.99,119790.86,22.93
2025-08-13 04:15:00,2025-08-13 07:00:00,165.0,BTC-USD,BUY,119705.1,120570.5,23.28
2025-08-13 07:15:00,2025-08-13 09:50:00,155.0,BTC-USD,BUY,120496.33,121974.47,23.63
2025-08-13 10:25:00,2025-08-14 02:15:00,950.0,BTC-USD,BUY,121723.79,121556.26,7.99
2025-08-14 02:20:00,2025-08-14 03:35:00,75.0,BTC-USD,SELL,121498.76,122055.99,-16.07
2025-08-14 05:30:00,2025-08-14 06:05:00,35.0,BTC-USD,BUY,121814.28,121540.16,-15.91
2025-08-14 06:40:00,2025-08-14 08:25:00,105.0,BTC-USD,SELL,121199.99,121193.35,7.87
2025-08-14 08:45:00,2025-08-17 22:50:00,5165.0,BTC-USD,SELL,119369.29,115436.87,23.74
2025-08-17 23:10:00,2025-08-17 23:30:00,20.0,BTC-USD,SELL,115542.2,115321.27,24.1
2025-08-18 00:45:00,2025-08-18 01:30:00,45.0,BTC-USD,BUY,115583.14,115462.07,8.15
2025-08-18 05:25:00,2025-08-18 05:40:00,15.0,BTC-USD,SELL,114737.22,115078.64,-16.39
2025-08-18 10:25:00,2025-08-18 10:45:00,20.0,BTC-USD,BUY,115430.85,115145.97,-16.22
2025-08-18 11:20:00,2025-08-18 11:50:00,30.0,BTC-USD,BUY,115685.16,116176.17,24.09
2025-08-18 11:55:00,2025-08-18 23:40:00,705.0,BTC-USD,BUY,116208.06,115029.34,-16.3
2025-08-19 00:25:00,2025-08-19 09:20:00,535.0,BTC-USD,SELL,114945.58,115740.51,-16.14
2025-08-19 09:25:00,2025-08-19 09:30:00,5.0,BTC-USD,BUY,115792.86,115525.32,-15.98
2025-08-19 10:05:00,2025-08-19 10:25:00,20.0,BTC-USD,SELL,115067.22,114130.36,23.73
2025-08-19 10:30:00,2025-08-20 13:45:00,1635.0,BTC-USD,SELL,114350.66,114265.93,8.03
2025-08-20 13:55:00,2025-08-20 14:05:00,10.0,BTC-USD,BUY,114215.27,113770.43,-16.14
2025-08-20 15:25:00,2025-08-21 12:55:00,1290.0,BTC-USD,BUY,114045.59,112354.93,-15.97
2025-08-21 13:00:00,2025-08-21 14:55:00,115.0,BTC-USD,SELL,112300.53,112571.11,-15.81
2025-08-21 15:00:00,2025-08-21 15:20:00,20.0,BTC-USD,BUY,112647.43,112164.23,-15.66
2025-08-21 15:45:00,2025-08-21 16:50:00,65.0,BTC-USD,SELL,112052.07,112687.81,-15.5
2025-08-21 18:35:00,2025-08-22 10:00:00,925.0,BTC-USD,SELL,112432.73,114161.53,-15.34
2025-08-22 10:05:00,2025-08-23 09:30:00,1405.0,BTC-USD,BUY,114814.89,114774.81,7.6
2025-08-23 09:35:00,2025-08-24 15:35:00,1800.0,BTC-USD,SELL,114848.67,112685.95,22.9
2025-08-24 15:40:00,2025-08-25 16:30:00,1490.0,BTC-USD,SELL,113049.76,109576.61,23.24
2025-08-25 17:25:00,2025-08-25 17:35:00,10.0,BTC-USD,SELL,109526.93,109953.88,-15.73
2025-08-25 18:15:00,2025-08-25 18:25:00,10.0,BTC-USD,BUY,110127.32,110383.72,23.36
2025-08-25 19:20:00,2025-08-25 21:20:00,120.0,BTC-USD,SELL,109807.7,109813.04,7.9
2025-08-25 22:45:00,2025-08-26 08:40:00,595.0,BTC-USD,SELL,109706.95,110522.01,-15.88
2025-08-26 09:35:00,2025-08-26 09:55:00,20.0,BTC-USD,SELL,110031.45,110081.06,7.86
2025-08-26 11:30:00,2025-08-26 14:25:00,175.0,BTC-USD,SELL,109821.94,110503.97,-15.8
2025-08-26 14:30:00,2025-08-27 04:30:00,840.0,BTC-USD,BUY,110525.54,110507.61,7.82
2025-08-27 04:35:00,2025-08-27 07:35:00,180.0,BTC-USD,SELL,110564.51,111284.2,-15.72
2025-08-27 07:40:00,2025-08-27 09:45:00,125.0,BTC-USD,BUY,111265.18,111751.04,23.35
2025-08-27 09:50:00,2025-08-27 10:45:00,55.0,BTC-USD,BUY,111699.03,112110.35,7.9
2025-08-27 12:50:00,2025-08-29 03:10:00,2300.0,BTC-USD,BUY,112170.8,110568.57,-15.88
2025-08-29 03:35:00,2025-08-29 04:50:00,75.0,BTC-USD,SELL,110122.34,109632.32,23.58
2025-08-29 04:55:00,2025-08-29 08:00:00,185.0,BTC-USD,SELL,109625.2,110108.97,-15.96
2025-08-29 08:10:00,2025-08-29 08:35:00,25.0,BTC-USD,BUY,110280.34,110697.39,23.69
2025-08-29 08:40:00,2025-08-29 09:35:00,55.0,BTC-USD,BUY,110554.14,109796.56,-16.03
2025-08-29 09:40:00,2025-08-29 15:00:00,320.0,BTC-USD,SELL,109731.37,108086.4,23.81
2025-08-29 15:25:00,2025-08-29 15:55:00,30.0,BTC-USD,BUY,108652.41,108213.98,-16.11
2025-08-29 16:10:00,2025-08-30 00:25:00,495.0,BTC-USD,SELL,107901.04,108639.3,-15.95
2025-08-30 01:35:00,2025-08-30 03:35:00,120.0,BTC-USD,SELL,108419.72,108430.81,7.9
2025-08-30 03:50:00,2025-08-30 18:05:00,855.0,BTC-USD,BUY,108497.75,108499.61,7.93
2025-08-30 18:10:00,2025-08-30 19:40:00,90.0,BTC-USD,SELL,108520.0,108789.71,-15.95
2025-08-30 19:45:00,2025-08-30 20:40:00,55.0,BTC-USD,BUY,108796.05,109211.4,23.68
2025-08-30 20:45:00,2025-08-31 00:30:00,225.0,BTC-USD,BUY,109212.99,108872.75,-16.03
2025-08-31 00:50:00,2025-08-31 23:30:00,1360.0,BTC-USD,SELL,108709.88,107419.54,23.8
2025-08-31 23:50:00,2025-09-01 03:15:00,205.0,BTC-USD,SELL,107581.29,108260.57,-16.1
2025-09-01 03:20:00,2025-09-01 03:45:00,25.0,BTC-USD,BUY,108292.54,108967.56,23.91
2025-09-01 03:50:00,2025-09-01 06:10:00,140.0,BTC-USD,BUY,109234.51,109210.97,8.09
2025-09-01 08:05:00,2025-09-01 09:25:00,80.0,BTC-USD,BUY,108911.17,109446.55,24.39
2025-09-01 10:05:00,2025-09-01 10:30:00,25.0,BTC-USD,BUY,109190.87,108858.83,-16.51
2025-09-01 10:40:00,2025-09-01 12:20:00,100.0,BTC-USD,SELL,109082.25,108962.11,8.17
2025-09-01 12:35:00,2025-09-01 13:10:00,35.0,BTC-USD,BUY,108901.45,108565.11,-16.42
2025-09-01 13:15:00,2025-09-01 14:00:00,45.0,BTC-USD,SELL,108667.38,109031.52,-16.26
2025-09-01 14:20:00,2025-09-01 16:40:00,140.0,BTC-USD,BUY,109055.83,108456.61,-16.1
2025-09-01 16:45:00,2025-09-01 17:30:00,45.0,BTC-USD,SELL,108727.03,107767.45,23.9
2025-09-01 17:35:00,2025-09-01 19:35:00,120.0,BTC-USD,SELL,107756.13,108917.1,-16.17
2025-09-01 19:40:00,2025-09-01 22:55:00,195.0,BTC-USD,BUY,109113.85,110241.04,24.02
2025-09-01 23:00:00,2025-09-01 23:25:00,25.0,BTC-USD,BUY,110137.86,110149.57,8.13
2025-09-01 23:30:00,2025-09-02 07:55:00,505.0,BTC-USD,BUY,110238.28,109746.15,-16.33
2025-09-02 08:00:00,2025-09-02 09:35:00,95.0,BTC-USD,SELL,109605.4,110065.22,8.09
2025-09-02 12:40:00,2025-09-02 16:10:00,210.0,BTC-USD,SELL,110573.75,111205.09,-16.25
2025-09-02 16:35:00,2025-09-02 18:00:00,85.0,BTC-USD,BUY,111360.53,110967.54,-16.09
2025-09-02 18:05:00,2025-09-02 20:10:00,125.0,BTC-USD,SELL,110979.47,111536.59,-15.93
2025-09-02 20:35:00,2025-09-02 21:20:00,45.0,BTC-USD,BUY,111592.66,110938.88,-15.77
2025-09-02 21:25:00,2025-09-02 22:00:00,35.0,BTC-USD,SELL,110983.71,111231.63,-15.61
2025-09-02 22:55:00,2025-09-02 23:10:00,15.0,BTC-USD,BUY,111374.41,111087.36,-15.46
2025-09-02 23:30:00,2025-09-03 03:50:00,260.0,BTC-USD,SELL,110997.81,111036.25,7.65
2025-09-03 04:20:00,2025-09-03 05:05:00,45.0,BTC-USD,SELL,111140.99,110962.37,23.07
2025-09-03 05:10:00,2025-09-03 05:15:00,5.0,BTC-USD,SELL,110922.17,111223.71,-15.61
2025-09-03 05:35:00,2025-09-03 07:00:00,85.0,BTC-USD,BUY,111166.4,111690.06,23.18
2025-09-03 07:35:00,2025-09-03 08:40:00,65.0,BTC-USD,BUY,111571.95,111268.5,7.84
2025-09-03 09:55:00,2025-09-03 22:25:00,750.0,BTC-USD,BUY,111487.49,111466.45,7.88
2025-09-03 22:35:00,2025-09-04 09:45:00,670.0,BTC-USD,SELL,111644.15,110432.35,23.76
2025-09-04 13:10:00,2025-09-04 16:20:00,190.0,BTC-USD,BUY,109690.43,110360.13,24.12
2025-09-04 16:35:00,2025-09-04 18:55:00,140.0,BTC-USD,BUY,110347.28,111486.08,24.48
2025-09-04 19:00:00,2025-09-04 19:45:00,45.0,BTC-USD,BUY,111637.52,110688.58,-16.56
2025-09-04 19:50:00,2025-09-04 22:00:00,130.0,BTC-USD,SELL,110734.84,111299.25,-16.4
2025-09-04 22:05:00,2025-09-05 03:00:00,295.0,BTC-USD,BUY,111416.36,112185.4,24.35
2025-09-05 03:05:00,2025-09-05 10:10:00,425.0,BTC-USD,BUY,112242.37,112245.87,8.24
2025-09-05 14:40:00,2025-09-05 17:15:00,155.0,BTC-USD,BUY,111242.61,111148.76,-16.56
2025-09-05 17:35:00,2025-09-07 03:35:00,2040.0,BTC-USD,SELL,110783.57,110833.86,8.2
2025-09-07 04:00:00,2025-09-07 20:50:00,1010.0,BTC-USD,BUY,110840.37,110771.43,8.24
2025-09-07 21:10:00,2025-09-08 03:25:00,375.0,BTC-USD,SELL,110860.24,111494.54,-16.56
2025-09-08 03:30:00,2025-09-08 20:45:00,1035.0,BTC-USD,BUY,111473.46,111786.82,8.2
2025-09-08 20:50:00,2025-09-09 02:00:00,310.0,BTC-USD,SELL,111656.24,112485.99,-16.48
2025-09-09 02:20:00,2025-09-09 10:30:00,490.0,BTC-USD,BUY,112617.35,111695.99,-16.31
2025-09-09 10:40:00,2025-09-09 17:05:00,385.0,BTC-USD,SELL,111570.67,111616.05,8.07
2025-09-09 18:05:00,2025-09-09 20:50:00,165.0,BTC-USD,SELL,111532.61,111034.29,24.34
2025-09-09 20:55:00,2025-09-09 22:00:00,65.0,BTC-USD,SELL,111000.0,111237.54,-16.47
2025-09-09 22:20:00,2025-09-10 01:00:00,160.0,BTC-USD,BUY,111413.1,111418.15,8.15
2025-09-10 01:35:00,2025-09-10 01:50:00,15.0,BTC-USD,BUY,111641.39,111408.15,-16.39
2025-09-10 02:25:00,2025-09-10 03:25:00,60.0,BTC-USD,BUY,111759.71,112225.71,24.34
2025-09-10 03:30:00,2025-09-10 04:10:00,40.0,BTC-USD,BUY,112144.35,112797.36,24.7
2025-09-10 04:15:00,2025-09-10 09:45:00,330.0,BTC-USD,BUY,112728.26,114295.45,25.07
2025-09-10 09:55:00,2025-09-10 14:25:00,270.0,BTC-USD,BUY,113984.26,113410.36,-16.97
2025-09-10 14:45:00,2025-09-10 16:05:00,80.0,BTC-USD,SELL,113439.1,113729.47,-16.8
2025-09-10 16:10:00,2025-09-10 20:35:00,265.0,BTC-USD,BUY,113712.11,113732.03,8.31
2025-09-10 21:20:00,2025-09-11 10:15:00,775.0,BTC-USD,BUY,114015.73,114029.13,8.36
2025-09-11 11:40:00,2025-09-11 12:00:00,20.0,BTC-USD,SELL,114300.03,114378.0,8.4
2025-09-11 12:05:00,2025-09-11 12:35:00,30.0,BTC-USD,SELL,114323.02,114564.89,-16.88
2025-09-11 14:20:00,2025-09-11 18:15:00,235.0,BTC-USD,SELL,114195.56,114670.57,-16.71
2025-09-11 18:35:00,2025-09-11 23:30:00,295.0,BTC-USD,BUY,115201.13,115203.37,8.27
2025-09-11 23:35:00,2025-09-11 23:40:00,5.0,BTC-USD,SELL,115131.98,115288.23,16.63
2025-09-12 00:15:00,2025-09-12 02:35:00,140.0,BTC-USD,BUY,115368.0,115307.34,8.4
2025-09-12 02:40:00,2025-09-12 05:20:00,160.0,BTC-USD,SELL,115343.03,114971.55,25.31
2025-09-12 05:30:00,2025-09-12 10:00:00,270.0,BTC-USD,SELL,114946.02,115434.01,-17.13
2025-09-12 13:10:00,2025-09-12 14:10:00,60.0,BTC-USD,BUY,115652.74,116091.79,25.44
2025-09-12 14:40:00,2025-09-13 12:40:00,1320.0,BTC-USD,BUY,116555.0,115500.0,-17.21
2025-09-13 13:30:00,2025-09-13 16:00:00,150.0,BTC-USD,BUY,115601.57,115970.02,25.56
2025-09-13 18:25:00,2025-09-13 18:40:00,15.0,BTC-USD,SELL,115901.2,115949.97,-17.3
2025-09-13 18:45:00,2025-09-13 19:15:00,30.0,BTC-USD,SELL,115900.83,116020.49,-17.12
2025-09-13 19:40:00,2025-09-13 20:15:00,35.0,BTC-USD,SELL,115941.77,116032.22,-16.95
2025-09-13 21:00:00,2025-09-13 21:40:00,40.0,BTC-USD,SELL,115922.74,116003.13,8.39
2025-09-13 22:10:00,2025-09-13 22:35:00,25.0,BTC-USD,BUY,116171.01,115892.02,-16.87
2025-09-13 23:10:00,2025-09-14 00:25:00,75.0,BTC-USD,SELL,115765.85,115792.59,8.35
2025-09-14 00:50:00,2025-09-14 01:20:00,30.0,BTC-USD,SELL,115807.99,115841.23,-16.78
2025-09-14 01:55:00,2025-09-14 02:35:00,40.0,BTC-USD,BUY,115925.82,115822.6,-16.61
2025-09-14 02:40:00,2025-09-14 04:40:00,120.0,BTC-USD,SELL,115782.25,116019.99,-16.45
2025-09-14 04:45:00,2025-09-14 04:55:00,10.0,BTC-USD,BUY,116014.83,115987.19,-16.28
2025-09-14 05:45:00,2025-09-14 07:25:00,100.0,BTC-USD,BUY,116181.89,115923.12,-16.12
2025-09-14 09:00:00,2025-09-14 09:25:00,25.0,BTC-USD,SELL,115795.99,115581.71,23.94
2025-09-14 09:40:00,2025-09-14 10:10:00,30.0,BTC-USD,SELL,115372.0,115633.41,-16.2
2025-09-14 10:45:00,2025-09-14 16:10:00,325.0,BTC-USD,SELL,115270.92,115803.46,-16.04
2025-09-14 16:15:00,2025-09-14 19:05:00,170.0,BTC-USD,BUY,115816.0,115788.21,7.94
2025-09-14 20:00:00,2025-09-15 00:20:00,260.0,BTC-USD,SELL,115200.0,115969.59,-15.95
2025-09-15 00:25:00,2025-09-15 03:30:00,185.0,BTC-USD,BUY,116002.02,115952.69,7.9
2025-09-15 04:20:00,2025-09-15 04:35:00,15.0,BTC-USD,BUY,115808.1,115439.64,-15.87
2025-09-15 05:05:00,2025-09-16 13:05:00,1920.0,BTC-USD,SELL,114852.07,116403.7,-15.72
2025-09-16 15:15:00,2025-09-16 21:15:00,360.0,BTC-USD,BUY,116594.6,116777.52,7.78
2025-09-16 22:15:00,2025-09-16 22:55:00,40.0,BTC-USD,BUY,116780.91,116728.96,7.82
2025-09-16 23:30:00,2025-09-17 01:05:00,95.0,BTC-USD,SELL,116610.05,116627.69,7.86
2025-09-17 01:25:00,2025-09-17 05:45:00,260.0,BTC-USD,BUY,116612.75,116606.13,7.9
2025-09-17 05:50:00,2025-09-17 06:50:00,60.0,BTC-USD,SELL,116646.0,116345.02,23.81
2025-09-17 06:55:00,2025-09-17 10:30:00,215.0,BTC-USD,SELL,116388.27,115666.44,24.17
2025-09-17 10:35:00,2025-09-17 18:55:00,500.0,BTC-USD,SELL,115661.74,116598.0,-16.35
2025-09-17 19:50:00,2025-09-17 21:05:00,75.0,BTC-USD,SELL,116493.62,116571.95,8.09
2025-09-17 21:20:00,2025-09-17 21:30:00,10.0,BTC-USD,BUY,116687.99,116587.61,-16.27
2025-09-17 22:30:00,2025-09-17 22:50:00,20.0,BTC-USD,SELL,116537.52,116879.95,-16.11
2025-09-17 23:35:00,2025-09-19 06:00:00,1825.0,BTC-USD,BUY,117848.99,116491.19,-15.95
2025-09-19 06:05:00,2025-09-21 20:35:00,3750.0,BTC-USD,SELL,116503.6,114822.0,23.68
2025-09-21 20:45:00,2025-09-21 22:25:00,100.0,BTC-USD,SELL,114674.56,114574.0,8.01
2025-09-21 22:30:00,2025-09-21 23:45:00,75.0,BTC-USD,SELL,114341.64,114674.63,-16.1
2025-09-22 01:25:00,2025-09-22 01:40:00,15.0,BTC-USD,BUY,114576.71,114386.0,-15.94
2025-09-22 01:55:00,2025-09-22 05:30:00,215.0,BTC-USD,SELL,113747.38,112525.86,23.67
2025-09-22 05:50:00,2025-09-29 04:45:00,10015.0,BTC-USD,SELL,112402.31,112230.73,8.01
2025-09-29 08:10:00,2025-09-29 08:30:00,20.0,BTC-USD,BUY,112191.38,112380.51,24.15
2025-09-29 09:15:00,2025-09-29 09:40:00,25.0,BTC-USD,BUY,112211.3,113330.02,24.51
2025-09-29 09:45:00,2025-09-30 04:30:00,1125.0,BTC-USD,BUY,113390.54,113540.0,8.29
2025-09-30 04:35:00,2025-09-30 05:45:00,70.0,BTC-USD,SELL,113502.53,112926.69,25.0
2025-09-30 06:10:00,2025-09-30 09:45:00,215.0,BTC-USD,SELL,112890.79,113500.0,-16.92
2025-09-30 10:05:00,2025-09-30 10:45:00,40.0,BTC-USD,SELL,113100.0,113524.42,-16.75
2025-09-30 11:40:00,2025-09-30 15:30:00,230.0,BTC-USD,SELL,113087.67,114144.65,-16.58
2025-09-30 15:45:00,2025-10-01 07:50:00,965.0,BTC-USD,BUY,114357.83,116655.3,24.62
2025-10-01 07:55:00,2025-10-01 12:05:00,250.0,BTC-USD,BUY,116825.23,117820.0,24.99
2025-10-01 12:20:00,2025-10-01 12:50:00,30.0,BTC-USD,BUY,117803.17,117771.84,8.46
2025-10-01 13:35:00,2025-10-01 13:50:00,15.0,BTC-USD,SELL,117353.29,116888.65,25.5
2025-10-01 13:55:00,2025-10-01 15:40:00,105.0,BTC-USD,SELL,116824.0,117610.26,-17.25
2025-10-01 15:45:00,2025-10-01 16:10:00,25.0,BTC-USD,BUY,117595.99,117270.0,-17.08
2025-10-01 16:50:00,2025-10-01 19:15:00,145.0,BTC-USD,BUY,117603.83,118416.06,25.36
2025-10-01 19:20:00,2025-10-02 01:50:00,390.0,BTC-USD,BUY,118404.0,118411.83,8.58
2025-10-02 03:25:00,2025-10-02 04:20:00,55.0,BTC-USD,SELL,118590.11,118616.59,8.62
2025-10-02 04:55:00,2025-10-02 05:00:00,5.0,BTC-USD,BUY,118749.56,118663.02,-17.33
2025-10-02 05:10:00,2025-10-02 05:25:00,15.0,BTC-USD,SELL,118663.02,118750.95,-17.16
2025-10-02 06:55:00,2025-10-02 07:45:00,50.0,BTC-USD,SELL,118686.78,118946.51,-16.99
2025-10-02 08:00:00,2025-10-02 08:35:00,35.0,BTC-USD,BUY,118946.57,119309.87,25.23
2025-10-02 09:25:00,2025-10-02 09:35:00,10.0,BTC-USD,SELL,119231.97,119359.0,-17.07
2025-10-02 09:40:00,2025-10-02 10:40:00,60.0,BTC-USD,BUY,119634.36,119087.1,-16.9
2025-10-02 11:10:00,2025-10-02 14:50:00,220.0,BTC-USD,BUY,119246.27,120493.81,25.1
2025-10-02 15:00:00,2025-10-05 00:45:00,3465.0,BTC-USD,BUY,120727.32,125300.94,25.47
2025-10-05 02:30:00,2025-10-05 05:10:00,160.0,BTC-USD,SELL,124961.3,124414.07,25.86
2025-10-05 05:15:00,2025-10-05 06:00:00,45.0,BTC-USD,SELL,124369.45,122683.81,26.24
2025-10-05 06:05:00,2025-10-06 07:25:00,1520.0,BTC-USD,SELL,122706.01,124413.99,-17.76
2025-10-06 08:15:00,2025-10-06 08:25:00,10.0,BTC-USD,BUY,124712.14,124431.12,-17.58
2025-10-06 13:05:00,2025-10-06 13:30:00,25.0,BTC-USD,BUY,125674.01,125406.0,-17.41
2025-10-06 14:35:00,2025-10-06 14:50:00,15.0,BTC-USD,BUY,125446.09,125998.14,25.85
2025-10-06 14:55:00,2025-10-06 16:15:00,80.0,BTC-USD,BUY,126099.22,125263.97,-17.49
2025-10-06 17:30:00,2025-10-06 17:55:00,25.0,BTC-USD,SELL,124685.82,125161.23,-17.31
2025-10-06 18:05:00,2025-10-06 18:40:00,35.0,BTC-USD,BUY,125145.0,124944.77,-17.14
2025-10-06 19:05:00,2025-10-06 21:00:00,115.0,BTC-USD,SELL,125006.2,125014.01,8.49
2025-10-06 21:05:00,2025-10-06 21:15:00,10.0,BTC-USD,BUY,125059.49,124677.14,-17.06
2025-10-06 21:35:00,2025-10-07 00:35:00,180.0,BTC-USD,SELL,124721.75,124679.38,8.44
2025-10-07 00:50:00,2025-10-07 02:20:00,90.0,BTC-USD,BUY,124614.2,124164.97,-16.97
2025-10-07 02:25:00,2025-10-07 07:30:00,305.0,BTC-USD,SELL,123962.31,124550.16,-16.8
2025-10-07 07:40:00,2025-10-07 09:35:00,115.0,BTC-USD,BUY,124467.57,124395.98,8.32
2025-10-07 10:00:00,2025-10-07 11:05:00,65.0,BTC-USD,SELL,123510.45,121874.99,25.07
2025-10-07 11:15:00,2025-10-08 13:30:00,1575.0,BTC-USD,SELL,122260.94,123913.92,-16.97
2025-10-08 14:55:00,2025-10-08 19:20:00,265.0,BTC-USD,SELL,123465.84,123476.79,8.4
2025-10-08 21:15:00,2025-10-08 22:00:00,45.0,BTC-USD,SELL,122619.27,122330.39,25.32
2025-10-08 22:05:00,2025-10-08 22:50:00,45.0,BTC-USD,SELL,122265.99,121613.26,25.7
2025-10-08 22:55:00,2025-10-08 23:20:00,25.0,BTC-USD,SELL,121649.77,122041.9,-17.39
2025-10-08 23:30:00,2025-10-08 23:40:00,10.0,BTC-USD,BUY,122080.7,121934.51,-17.22
2025-10-09 00:30:00,2025-10-09 01:15:00,45.0,BTC-USD,BUY,122127.49,121915.75,-17.04
2025-10-09 02:20:00,2025-10-09 02:45:00,25.0,BTC-USD,BUY,122063.2,122072.03,8.44
2025-10-09 03:10:00,2025-10-09 03:50:00,40.0,BTC-USD,SELL,122003.16,121999.4,8.48
2025-10-09 04:05:00,2025-10-09 04:30:00,25.0,BTC-USD,SELL,121756.08,121503.99,25.56
2025-10-09 04:35:00,2025-10-09 06:30:00,115.0,BTC-USD,SELL,121476.71,122055.29,-17.3
2025-10-09 06:35:00,2025-10-09 08:10:00,95.0,BTC-USD,BUY,122151.98,123052.46,25.69
2025-10-09 08:15:00,2025-10-09 09:30:00,75.0,BTC-USD,BUY,123143.99,123294.01,8.69
2025-10-09 10:40:00,2025-10-09 10:50:00,10.0,BTC-USD,SELL,121324.0,121329.99,8.73
2025-10-09 11:50:00,2025-10-09 12:40:00,50.0,BTC-USD,BUY,121264.43,120865.11,-17.56
2025-10-09 13:05:00,2025-10-09 17:10:00,245.0,BTC-USD,SELL,120219.67,121437.12,-17.38
2025-10-09 17:15:00,2025-10-09 19:15:00,120.0,BTC-USD,BUY,121446.69,121508.67,8.6
2025-10-09 19:30:00,2025-10-09 19:50:00,20.0,BTC-USD,SELL,121508.12,121729.64,-17.29
2025-10-09 20:05:00,2025-10-09 22:35:00,150.0,BTC-USD,BUY,121765.0,121279.36,-17.12
2025-10-09 22:40:00,2025-10-10 09:00:00,620.0,BTC-USD,SELL,121281.53,121935.74,-16.95
2025-10-10 09:20:00,2025-10-10 09:45:00,25.0,BTC-USD,BUY,121944.03,121824.92,8.39
2025-10-10 11:15:00,2025-10-10 12:50:00,95.0,BTC-USD,SELL,119953.26,118546.2,25.29
2025-10-10 13:55:00,2025-10-10 17:10:00,195.0,BTC-USD,SELL,117655.63,112287.09,25.67
2025-10-10 17:15:00,2025-11-20 21:55:00,59380.0,BTC-USD,SELL,108922.31,85346.8,26.06
2025-11-20 22:00:00,2025-11-21 00:15:00,135.0,BTC-USD,SELL,85576.0,86153.21,-17.63
2025-11-21 00:30:00,2025-11-21 02:15:00,105.0,BTC-USD,BUY,86095.18,85303.97,-17.46
2025-11-21 02:20:00,2025-11-21 07:20:00,300.0,BTC-USD,SELL,85205.75,80986.23,25.92
2025-11-21 08:00:00,2025-11-24 12:55:00,4615.0,BTC-USD,BUY,83130.28,88340.75,26.31
2025-11-24 13:00:00,2025-11-24 14:50:00,110.0,BTC-USD,BUY,88217.44,88146.03,8.9
2025-11-24 15:30:00,2025-11-24 20:45:00,315.0,BTC-USD,BUY,88808.02,87767.98,-17.89
2025-11-24 21:05:00,2025-11-25 12:30:00,925.0,BTC-USD,SELL,87795.15,87888.12,8.86
2025-11-25 12:35:00,2025-11-25 13:35:00,60.0,BTC-USD,BUY,87982.01,87428.0,-17.8
2025-11-25 14:15:00,2025-11-25 15:05:00,50.0,BTC-USD,SELL,86430.88,86874.83,-17.63
2025-11-25 15:25:00,2025-11-25 23:05:00,460.0,BTC-USD,BUY,87012.0,86966.89,8.72
2025-11-25 23:10:00,2025-11-25 23:30:00,20.0,BTC-USD,SELL,86870.39,87227.25,-17.54
2025-11-26 00:00:00,2025-11-26 00:15:00,15.0,BTC-USD,BUY,87290.02,87504.59,26.04
2025-11-26 00:20:00,2025-11-26 03:25:00,185.0,BTC-USD,BUY,87490.56,87518.47,8.81
2025-11-26 03:35:00,2025-11-26 03:40:00,5.0,BTC-USD,SELL,87473.69,87495.43,17.71
2025-11-26 03:50:00,2025-11-26 04:20:00,30.0,BTC-USD,SELL,87414.03,87167.29,26.83
2025-11-26 04:25:00,2025-11-26 08:40:00,255.0,BTC-USD,SELL,87072.0,86974.81,9.08
2025-11-26 08:45:00,2025-11-26 09:55:00,70.0,BTC-USD,BUY,86965.27,86864.3,9.12
2025-11-26 10:10:00,2025-11-26 11:15:00,65.0,BTC-USD,SELL,86982.0,87607.58,-18.34
2025-11-26 11:30:00,2025-11-26 13:25:00,115.0,BTC-USD,BUY,87716.01,90331.65,27.23
2025-11-26 13:35:00,2025-11-26 16:30:00,175.0,BTC-USD,SELL,89828.0,90216.39,-18.43
2025-11-26 16:35:00,2025-11-29 13:10:00,4115.0,BTC-USD,BUY,90212.67,90408.01,9.12
2025-11-29 14:05:00,2025-11-29 14:45:00,40.0,BTC-USD,BUY,90801.61,90647.92,-18.33
2025-11-29 15:00:00,2025-11-29 15:45:00,45.0,BTC-USD,SELL,90496.48,90900.24,-18.15
2025-11-29 16:20:00,2025-11-29 17:00:00,40.0,BTC-USD,BUY,90948.05,90938.46,8.98
2025-11-29 17:20:00,2025-11-29 17:35:00,15.0,BTC-USD,SELL,90767.99,90875.0,-18.06
2025-11-29 17:40:00,2025-11-29 18:10:00,30.0,BTC-USD,BUY,90914.84,90742.49,-17.88
2025-11-29 18:55:00,2025-11-29 21:50:00,175.0,BTC-USD,BUY,90828.06,90811.94,8.85
2025-11-29 21:55:00,2025-11-29 22:40:00,45.0,BTC-USD,SELL,90812.93,90918.76,8.89
2025-11-29 22:50:00,2025-11-30 08:15:00,565.0,BTC-USD,BUY,90895.65,91733.0,26.81
2025-11-30 08:25:00,2025-11-30 16:10:00,465.0,BTC-USD,BUY,91868.06,91171.7,-18.14
2025-11-30 16:15:00,2025-11-30 19:05:00,170.0,BTC-USD,SELL,91073.3,89158.0,26.94
2025-11-30 19:10:00,2025-12-01 10:40:00,930.0,BTC-USD,SELL,88924.91,83926.31,27.35
2025-12-01 10:45:00,2025-12-01 16:25:00,340.0,BTC-USD,SELL,84292.0,86162.0,-18.51
2025-12-01 16:30:00,2025-12-01 17:10:00,40.0,BTC-USD,BUY,86460.31,86518.05,9.16
2025-12-01 17:15:00,2025-12-02 09:25:00,970.0,BTC-USD,BUY,86452.3,88679.6,27.62
2025-12-02 11:00:00,2025-12-02 11:10:00,10.0,BTC-USD,BUY,91168.0,90905.18,-18.69
2025-12-02 15:15:00,2025-12-02 17:40:00,145.0,BTC-USD,SELL,91262.5,91845.0,-18.5
2025-12-02 18:40:00,2025-12-02 20:20:00,100.0,BTC-USD,SELL,91464.0,91908.22,-18.32
2025-12-02 20:40:00,2025-12-02 20:50:00,10.0,BTC-USD,BUY,91987.99,92339.89,27.2
2025-12-02 21:00:00,2025-12-02 21:45:00,45.0,BTC-USD,BUY,92579.77,92534.01,9.2
2025-12-03 00:05:00,2025-12-03 00:15:00,10.0,BTC-USD,BUY,93524.02,93191.99,-18.5
2025-12-03 01:15:00,2025-12-03 01:40:00,25.0,BTC-USD,BUY,93859.6,93328.66,-18.31
2025-12-03 03:05:00,2025-12-03 04:10:00,65.0,BTC-USD,SELL,92955.43,92999.99,9.06
2025-12-03 05:55:00,2025-12-03 06:15:00,20.0,BTC-USD,SELL,92961.36,92893.96,27.33
2025-12-03 07:25:00,2025-12-03 07:45:00,20.0,BTC-USD,SELL,92757.82,92999.97,-18.49
2025-12-03 08:15:00,2025-12-03 08:55:00,40.0,BTC-USD,BUY,93103.14,93157.05,9.15
2025-12-03 09:30:00,2025-12-03 09:35:00,5.0,BTC-USD,SELL,92210.0,92648.0,-18.4
2025-12-03 09:40:00,2025-12-03 10:20:00,40.0,BTC-USD,BUY,93517.99,92330.82,-18.22
2025-12-03 12:10:00,2025-12-03 12:15:00,5.0,BTC-USD,BUY,92648.56,92281.1,-18.03
2025-12-03 12:45:00,2025-12-03 13:15:00,30.0,BTC-USD,BUY,92983.98,92946.0,26.78
2025-12-03 14:00:00,2025-12-03 15:45:00,105.0,BTC-USD,SELL,92708.44,93208.09,-18.12
2025-12-03 15:55:00,2025-12-03 16:55:00,60.0,BTC-USD,BUY,92991.75,93716.04,26.91
2025-12-03 17:15:00,2025-12-03 19:25:00,130.0,BTC-USD,BUY,93608.05,92848.03,-18.21
2025-12-03 19:30:00,2025-12-03 20:10:00,40.0,BTC-USD,SELL,92690.01,93704.12,-18.03
2025-12-03 21:35:00,2025-12-03 22:20:00,45.0,BTC-USD,BUY,93992.04,93699.16,-17.85
2025-12-03 22:55:00,2025-12-04 03:00:00,245.0,BTC-USD,SELL,93552.18,93595.97,8.83
2025-12-04 03:30:00,2025-12-04 04:05:00,35.0,BTC-USD,SELL,93199.43,93564.31,-17.76
2025-12-04 05:50:00,2025-12-04 10:35:00,285.0,BTC-USD,SELL,93265.28,93252.0,8.79
2025-12-04 10:40:00,2025-12-04 11:50:00,70.0,BTC-USD,BUY,93060.01,92359.21,-17.67
2025-12-04 11:55:00,2025-12-04 14:20:00,145.0,BTC-USD,SELL,92459.17,90959.71,26.24
2025-12-04 15:10:00,2025-12-05 08:25:00,1035.0,BTC-USD,BUY,92034.32,90833.84,-17.75
2025-12-05 09:00:00,2025-12-05 10:55:00,115.0,BTC-USD,SELL,90541.84,90478.42,8.79
2025-12-05 11:00:00,2025-12-05 11:40:00,40.0,BTC-USD,SELL,90180.0,88412.0,26.49
2025-12-05 11:45:00,2025-12-05 12:45:00,60.0,BTC-USD,SELL,88416.0,89220.0,-17.93
2025-12-05 13:00:00,2025-12-05 13:20:00,20.0,BTC-USD,BUY,89447.02,89383.4,8.87
2025-12-05 13:35:00,2025-12-07 12:35:00,2820.0,BTC-USD,SELL,89319.81,90837.76,-17.84
2025-12-07 12:40:00,2025-12-07 17:05:00,265.0,BTC-USD,BUY,90870.0,89332.56,-17.66
2025-12-07 17:10:00,2025-12-07 20:25:00,195.0,BTC-USD,SELL,89378.01,91158.7,-17.48
2025-12-07 20:30:00,2025-12-08 10:20:00,830.0,BTC-USD,BUY,91377.22,89979.94,-17.31
2025-12-08 10:25:00,2025-12-08 15:15:00,290.0,BTC-USD,SELL,89987.02,90521.77,-17.13
2025-12-08 16:00:00,2025-12-08 16:50:00,50.0,BTC-USD,BUY,90896.0,91323.99,25.44
2025-12-08 22:25:00,2025-12-08 22:35:00,10.0,BTC-USD,SELL,90052.55,90360.41,-17.22
2025-12-08 22:50:00,2025-12-08 23:35:00,45.0,BTC-USD,BUY,90360.36,89887.99,-17.05
2025-12-09 00:05:00,2025-12-09 02:25:00,140.0,BTC-USD,SELL,89800.81,90376.3,-16.87
2025-12-09 02:30:00,2025-12-09 05:05:00,155.0,BTC-USD,BUY,90431.04,90079.98,-16.71
2025-12-09 05:10:00,2025-12-09 05:50:00,40.0,BTC-USD,SELL,90195.52,90186.51,8.27
2025-12-09 07:15:00,2025-12-09 08:40:00,85.0,BTC-USD,BUY,90587.05,90210.24,-16.62
2025-12-09 09:15:00,2025-12-09 10:00:00,45.0,BTC-USD,SELL,90316.27,90897.02,-16.46
2025-12-09 10:15:00,2025-12-09 10:40:00,25.0,BTC-USD,BUY,90882.89,92061.91,24.44
2025-12-09 10:45:00,2025-12-09 11:35:00,50.0,BTC-USD,BUY,91966.0,93840.0,24.8
2025-12-09 11:40:00,2025-12-09 15:15:00,215.0,BTC-USD,BUY,94241.98,93339.36,-16.78
2025-12-09 15:20:00,2025-12-10 04:55:00,815.0,BTC-USD,SELL,92943.53,92930.28,8.31
2025-12-10 05:05:00,2025-12-10 06:40:00,95.0,BTC-USD,BUY,92983.8,91974.42,-16.7
2025-12-10 06:50:00,2025-12-10 14:00:00,430.0,BTC-USD,SELL,92043.4,92047.44,-16.53
2025-12-10 15:20:00,2025-12-10 15:50:00,30.0,BTC-USD,BUY,93446.0,92539.99,-16.37
2025-12-10 15:55:00,2025-12-10 21:30:00,335.0,BTC-USD,SELL,92498.32,89988.0,24.3
2025-12-10 21:35:00,2025-12-11 16:05:00,1110.0,BTC-USD,SELL,90046.21,92277.99,-16.45
2025-12-11 16:10:00,2025-12-11 17:20:00,70.0,BTC-USD,BUY,92474.74,92400.0,8.14
2025-12-11 17:35:00,2025-12-11 18:00:00,25.0,BTC-USD,SELL,92619.02,92427.99,8.18
2025-12-11 18:00:00,2025-12-11 18:50:00,50.0,BTC-USD,BUY,92427.99,92479.99,8.22
2025-12-11 19:25:00,2025-12-11 19:50:00,25.0,BTC-USD,BUY,92399.58,92068.16,-16.53
2025-12-11 19:55:00,2025-12-14 11:55:00,3840.0,BTC-USD,SELL,91586.09,88846.65,24.54
2025-12-14 12:00:00,2025-12-14 17:30:00,330.0,BTC-USD,SELL,88940.73,88188.0,24.91
2025-12-14 17:35:00,2025-12-14 20:20:00,165.0,BTC-USD,SELL,88037.83,88750.02,-16.86
2025-12-14 20:40:00,2025-12-14 21:15:00,35.0,BTC-USD,BUY,89078.75,89945.71,25.03
2025-12-14 21:20:00,2025-12-14 21:40:00,20.0,BTC-USD,BUY,89785.01,89458.21,-16.94
2025-12-14 23:35:00,2025-12-15 09:45:00,610.0,BTC-USD,BUY,89580.0,88712.03,-16.77
2025-12-15 17:25:00,2025-12-15 18:00:00,35.0,BTC-USD,SELL,85994.0,86294.7,-16.6
2025-12-15 18:05:00,2025-12-15 19:50:00,105.0,BTC-USD,BUY,86410.7,85984.01,-16.43
2025-12-15 20:15:00,2025-12-15 21:25:00,70.0,BTC-USD,SELL,85890.07,86181.97,-16.27
2025-12-15 22:45:00,2025-12-15 23:30:00,45.0,BTC-USD,BUY,85802.86,85582.01,-16.11
2025-12-15 23:45:00,2025-12-15 23:50:00,5.0,BTC-USD,SELL,85398.0,85706.01,-15.95
2025-12-16 00:20:00,2025-12-16 07:45:00,445.0,BTC-USD,BUY,85954.0,87360.54,23.68
2025-12-16 07:55:00,2025-12-17 10:55:00,1620.0,BTC-USD,BUY,87192.0,87197.29,8.01
2025-12-17 13:55:00,2025-12-17 21:15:00,440.0,BTC-USD,SELL,85779.78,86566.0,-16.1
2025-12-17 21:30:00,2025-12-18 08:00:00,630.0,BTC-USD,BUY,86517.98,87629.93,23.91
2025-12-18 08:30:00,2025-12-18 09:10:00,40.0,BTC-USD,BUY,88097.25,88098.39,8.09
2025-12-18 10:40:00,2025-12-18 12:05:00,85.0,BTC-USD,BUY,89016.0,86548.16,-16.26
2025-12-18 12:10:00,2025-12-19 10:15:00,1325.0,BTC-USD,SELL,86320.0,88594.0,-16.1
2025-12-19 12:35:00,2025-12-21 03:40:00,2345.0,BTC-USD,SELL,87238.0,88571.99,-15.94
2025-12-21 03:45:00,2025-12-21 07:55:00,250.0,BTC-USD,BUY,88492.12,88602.14,7.89
2025-12-21 08:25:00,2025-12-21 08:35:00,10.0,BTC-USD,SELL,88192.26,87898.65,23.79
2025-12-21 08:40:00,2025-12-21 12:00:00,200.0,BTC-USD,SELL,87900.01,88383.95,-16.1
2025-12-21 12:05:00,2025-12-21 21:05:00,540.0,BTC-USD,BUY,88377.73,88298.16,7.97
2025-12-21 21:10:00,2025-12-21 22:20:00,70.0,BTC-USD,SELL,88160.65,88820.0,-16.02
2025-12-22 00:55:00,2025-12-22 01:40:00,45.0,BTC-USD,SELL,88803.96,88928.0,-15.86
2025-12-22 01:45:00,2025-12-22 02:05:00,20.0,BTC-USD,BUY,88893.98,89134.01,23.55
2025-12-22 02:25:00,2025-12-22 03:20:00,55.0,BTC-USD,BUY,89074.03,89585.01,23.9
2025-12-22 03:25:00,2025-12-22 14:00:00,635.0,BTC-USD,BUY,89774.0,88737.46,-16.17
2025-12-22 14:10:00,2025-12-23 01:25:00,675.0,BTC-USD,SELL,88653.99,87145.99,24.01
2025-12-23 01:30:00,2025-12-23 06:15:00,285.0,BTC-USD,SELL,87195.98,87836.0,-16.25
2025-12-23 06:20:00,2025-12-23 07:15:00,55.0,BTC-USD,BUY,87718.65,87672.92,8.04
2025-12-23 08:30:00,2025-12-23 09:40:00,70.0,BTC-USD,BUY,87813.31,87371.91,-16.17
2025-12-23 10:00:00,2025-12-23 11:00:00,60.0,BTC-USD,SELL,86870.0,88030.0,-16.01
2025-12-23 11:05:00,2025-12-24 00:40:00,815.0,BTC-USD,BUY,87732.26,86774.98,-15.85
2025-12-24 01:00:00,2025-12-24 15:30:00,870.0,BTC-USD,SELL,86872.74,87527.67,-15.69
2025-12-24 15:35:00,2025-12-25 15:25:00,1430.0,BTC-USD,BUY,87584.9,87710.0,7.77
2025-12-25 16:00:00,2025-12-25 17:40:00,100.0,BTC-USD,BUY,87836.97,87655.13,-15.61
2025-12-25 17:45:00,2025-12-25 21:10:00,205.0,BTC-USD,SELL,87339.66,88127.82,-15.45
2025-12-25 22:15:00,2025-12-26 01:40:00,205.0,BTC-USD,SELL,88756.02,89169.81,-15.3
2025-12-26 01:45:00,2025-12-26 02:35:00,50.0,BTC-USD,BUY,89073.77,88811.86,7.57
2025-12-26 05:15:00,2025-12-26 07:40:00,145.0,BTC-USD,SELL,88697.32,88674.8,7.61
2025-12-26 08:05:00,2025-12-26 09:35:00,90.0,BTC-USD,BUY,88692.02,88501.99,7.65
2025-12-26 11:20:00,2025-12-26 11:55:00,35.0,BTC-USD,BUY,87174.0,86779.0,-15.37
2025-12-26 15:40:00,2025-12-26 16:30:00,50.0,BTC-USD,BUY,87617.2,87427.77,-15.22
2025-12-26 17:10:00,2025-12-26 17:45:00,35.0,BTC-USD,SELL,87383.99,87396.84,7.53
2025-12-26 19:00:00,2025-12-26 19:10:00,10.0,BTC-USD,SELL,87269.94,87230.04,-15.14
2025-12-26 19:20:00,2025-12-26 19:30:00,10.0,BTC-USD,SELL,87195.96,87269.77,-14.99
2025-12-26 20:55:00,2025-12-26 21:00:00,5.0,BTC-USD,BUY,87412.32,87333.99,-14.84
2025-12-26 23:30:00,2025-12-26 23:35:00,5.0,BTC-USD,SELL,87399.99,87431.41,-14.69
2025-12-27 00:10:00,2025-12-27 00:35:00,25.0,BTC-USD,SELL,87400.14,87424.79,-14.55
2025-12-27 00:50:00,2025-12-27 01:35:00,45.0,BTC-USD,BUY,87440.12,87374.0,-14.4
2025-12-27 02:25:00,2025-12-27 02:45:00,20.0,BTC-USD,BUY,87529.68,87491.99,-14.26
2025-12-27 03:05:00,2025-12-27 05:30:00,145.0,BTC-USD,BUY,87545.99,87423.03,-14.11
2025-12-27 06:40:00,2025-12-27 06:50:00,10.0,BTC-USD,SELL,87435.96,87443.11,-13.97
2025-12-27 07:10:00,2025-12-27 07:35:00,25.0,BTC-USD,SELL,87408.0,87444.52,-13.83
2025-12-27 08:15:00,2025-12-27 08:35:00,20.0,BTC-USD,SELL,87372.36,87401.51,6.85
2025-12-27 09:20:00,2025-12-27 09:30:00,10.0,BTC-USD,SELL,87370.54,87426.0,-13.76
2025-12-27 09:50:00,2025-12-27 11:05:00,75.0,BTC-USD,BUY,87464.01,87450.7,6.81
2025-12-27 12:55:00,2025-12-27 13:45:00,50.0,BTC-USD,BUY,87502.59,87401.4,-13.69
2025-12-27 14:25:00,2025-12-27 17:10:00,165.0,BTC-USD,BUY,87502.95,87802.37,20.33
2025-12-27 17:15:00,2025-12-28 11:20:00,1085.0,BTC-USD,BUY,87707.05,87704.04,6.88
2025-12-28 11:30:00,2025-12-28 12:15:00,45.0,BTC-USD,SELL,87748.69,87821.85,-13.83
2025-12-28 13:15:00,2025-12-28 13:25:00,10.0,BTC-USD,SELL,87567.74,87647.13,-13.69
2025-12-28 13:30:00,2025-12-28 17:45:00,255.0,BTC-USD,SELL,87666.45,87748.86,6.78
2025-12-28 19:05:00,2025-12-28 20:15:00,70.0,BTC-USD,BUY,87851.93,87958.97,6.81
2025-12-28 20:35:00,2025-12-28 22:30:00,115.0,BTC-USD,BUY,88151.98,89496.0,20.53
2025-12-28 22:35:00,2025-12-29 04:30:00,355.0,BTC-USD,BUY,89811.99,88596.02,-13.89
2025-12-29 05:00:00,2025-12-31 00:00:00,2580.0,BTC-USD,SELL,87962.87,88338.39,0.0
