Entry_Date,Exit_Date,Holding_Mins,Pair,Side,Entry_Price,Exit_Price,P/L_USD,MAE_USD,MFE_USD,Drawdown_Pct
2025-11-20 04:15:00,2025-11-20 04:45:00,30.0,ETH-USD,SELL,3020.5,2998.63,15.0,0,0,0
2025-11-20 04:50:00,2025-11-20 08:10:00,200.0,ETH-USD,SELL,3006.1,3033.59,-10.15,0,0,0
2025-11-20 09:00:00,2025-11-20 11:10:00,130.0,ETH-USD,SELL,2979.2,2894.64,15.07,0,0,0
2025-11-20 14:00:00,2025-11-20 14:15:00,15.0,ETH-USD,SELL,2795.9,2814.21,-10.2,0,0,0
2025-11-20 16:20:00,2025-11-20 18:35:00,135.0,ETH-USD,BUY,2875.76,2833.43,-10.1,0,0,0
2025-11-20 18:40:00,2025-11-21 02:20:00,460.0,ETH-USD,SELL,2845.66,2759.89,14.99,0,0,0
2025-11-21 02:35:00,2025-11-22 21:35:00,2580.0,ETH-USD,SELL,2717.03,2826.71,-10.15,0,0,0
2025-11-22 21:40:00,2025-11-26 12:35:00,5215.0,ETH-USD,BUY,2826.64,3005.1,15.07,0,0,0
2025-11-26 12:40:00,2025-11-28 12:15:00,2855.0,ETH-USD,BUY,3013.25,3020.57,5.1,0,0,0
2025-11-28 12:20:00,2025-11-30 07:40:00,2600.0,ETH-USD,SELL,3022.59,3027.01,5.12,0,0,0
2025-11-30 07:45:00,2025-11-30 10:05:00,140.0,ETH-USD,BUY,3027.11,3028.21,5.15,0,0,0
2025-11-30 10:10:00,2025-11-30 11:20:00,70.0,ETH-USD,SELL,3030.79,3043.86,-10.35,0,0,0
2025-11-30 11:35:00,2025-11-30 18:30:00,415.0,ETH-USD,BUY,3047.53,3006.21,-10.25,0,0,0
2025-11-30 18:35:00,2025-11-30 19:10:00,35.0,ETH-USD,SELL,2998.97,2916.89,15.21,0,0,0
2025-11-30 19:15:00,2025-12-02 09:45:00,2310.0,ETH-USD,SELL,2904.51,2898.97,5.15,0,0,0
2025-12-02 09:50:00,2025-12-02 10:10:00,20.0,ETH-USD,BUY,2888.84,2955.81,15.52,0,0,0
2025-12-02 10:15:00,2025-12-03 17:45:00,1890.0,ETH-USD,BUY,2971.54,3186.51,15.75,0,0,0
2025-12-03 17:50:00,2025-12-03 18:20:00,30.0,ETH-USD,BUY,3182.11,3181.09,5.33,0,0,0
2025-12-03 18:40:00,2025-12-03 19:10:00,30.0,ETH-USD,BUY,3190.16,3176.4,-10.71,0,0,0
2025-12-03 19:45:00,2025-12-10 00:00:00,8895.0,ETH-USD,BUY,3201.61,3323.4,0.0,0,0,0
2025-07-31 04:40:00,2025-07-31 04:50:00,10.0,ETH-USD,BUY,3873.15,3864.36,-10.0,0,0,0
2025-07-31 07:35:00,2025-07-31 07:50:00,15.0,ETH-USD,BUY,3841.03,3831.92,-9.9,0,0,0
2025-07-31 08:05:00,2025-07-31 08:10:00,5.0,ETH-USD,SELL,3834.76,3838.01,-9.8,0,0,0
2025-07-31 08:45:00,2025-07-31 10:15:00,90.0,ETH-USD,SELL,3832.39,3788.85,14.55,0,0,0
2025-07-31 10:20:00,2025-07-31 20:10:00,590.0,ETH-USD,SELL,3779.83,3658.32,14.77,0,0,0
2025-07-31 20:25:00,2025-08-02 14:25:00,2520.0,ETH-USD,SELL,3690.4,3392.29,14.99,0,0,0
2025-08-02 14:30:00,2025-08-02 15:30:00,60.0,ETH-USD,SELL,3393.71,3423.04,-10.15,0,0,0
2025-08-02 15:40:00,2025-08-02 16:00:00,20.0,ETH-USD,BUY,3413.63,3392.41,-10.04,0,0,0
2025-08-02 17:35:00,2025-08-02 17:55:00,20.0,ETH-USD,BUY,3427.0,3411.4,-9.94,0,0,0
2025-08-02 18:00:00,2025-08-02 18:20:00,20.0,ETH-USD,SELL,3422.24,3394.95,14.77,0,0,0
2025-08-02 18:25:00,2025-08-03 06:45:00,740.0,ETH-USD,SELL,3389.82,3484.5,-9.99,0,0,0
2025-08-03 07:45:00,2025-08-03 10:15:00,150.0,ETH-USD,BUY,3497.22,3475.44,-9.89,0,0,0
2025-08-03 10:30:00,2025-08-03 12:50:00,140.0,ETH-USD,SELL,3472.5,3488.98,-9.79,0,0,0
2025-08-03 12:55:00,2025-08-03 13:15:00,20.0,ETH-USD,BUY,3495.47,3487.57,-9.7,0,0,0
2025-08-03 13:20:00,2025-08-03 15:20:00,120.0,ETH-USD,SELL,3487.63,3510.57,-9.6,0,0,0
2025-08-03 15:25:00,2025-08-03 20:50:00,325.0,ETH-USD,BUY,3504.47,3547.29,14.25,0,0,0
2025-08-03 21:25:00,2025-08-04 10:10:00,765.0,ETH-USD,BUY,3546.15,3651.0,14.47,0,0,0
2025-08-04 10:15:00,2025-08-04 23:20:00,785.0,ETH-USD,BUY,3661.0,3650.03,4.9,0,0,0
2025-08-04 23:25:00,2025-08-05 05:40:00,375.0,ETH-USD,SELL,3657.75,3656.99,4.92,0,0,0
2025-08-05 05:45:00,2025-08-05 06:30:00,45.0,ETH-USD,BUY,3658.68,3693.54,14.83,0,0,0
2025-08-05 06:45:00,2025-08-05 08:20:00,95.0,ETH-USD,BUY,3683.58,3655.65,-10.04,0,0,0
2025-08-05 08:25:00,2025-08-05 09:45:00,80.0,ETH-USD,SELL,3656.62,3656.49,4.97,0,0,0
2025-08-05 09:50:00,2025-08-05 10:05:00,15.0,ETH-USD,BUY,3650.13,3621.32,-9.99,0,0,0
2025-08-05 10:45:00,2025-08-06 14:00:00,1635.0,ETH-USD,SELL,3560.72,3693.0,-9.89,0,0,0
2025-08-06 14:05:00,2025-08-06 23:20:00,555.0,ETH-USD,BUY,3695.1,3654.76,-9.79,0,0,0
2025-08-06 23:25:00,2025-08-07 01:20:00,115.0,ETH-USD,SELL,3655.8,3676.57,-9.69,0,0,0
2025-08-07 01:25:00,2025-08-07 23:25:00,1320.0,ETH-USD,BUY,3678.09,3952.47,14.39,0,0,0
2025-08-07 23:30:00,2025-08-09 18:20:00,2570.0,ETH-USD,BUY,3941.05,4321.87,14.6,0,0,0
2025-08-09 18:25:00,2025-08-09 23:25:00,300.0,ETH-USD,BUY,4303.86,4233.76,-9.88,0,0,0
2025-08-10 00:35:00,2025-08-10 01:20:00,45.0,ETH-USD,BUY,4255.77,4230.96,-9.78,0,0,0
2025-08-10 01:45:00,2025-08-10 02:40:00,55.0,ETH-USD,SELL,4225.61,4230.0,4.84,0,0,0
2025-08-10 03:45:00,2025-08-10 05:35:00,110.0,ETH-USD,SELL,4189.2,4225.0,-9.73,0,0,0
2025-08-10 05:45:00,2025-08-10 05:55:00,10.0,ETH-USD,BUY,4228.69,4225.53,-9.64,0,0,0
2025-08-10 06:35:00,2025-08-10 20:20:00,825.0,ETH-USD,SELL,4209.32,4266.0,-9.54,0,0,0
2025-08-10 20:25:00,2025-08-13 14:00:00,3935.0,ETH-USD,BUY,4278.0,4745.24,14.17,0,0,0
2025-08-13 14:40:00,2025-08-13 15:00:00,20.0,ETH-USD,SELL,4703.06,4728.55,-9.59,0,0,0
2025-08-13 15:25:00,2025-08-14 09:00:00,1055.0,ETH-USD,BUY,4742.99,4484.68,-9.49,0,0,0
2025-08-14 09:05:00,2025-08-19 19:25:00,7820.0,ETH-USD,SELL,4539.81,4108.12,14.09,0,0,0
2025-08-19 19:30:00,2025-08-20 11:25:00,955.0,ETH-USD,SELL,4113.05,4299.1,-9.54,0,0,0
2025-08-20 12:05:00,2025-08-20 12:15:00,10.0,ETH-USD,SELL,4271.18,4322.93,-9.44,0,0,0
2025-08-20 12:40:00,2025-08-20 14:00:00,80.0,ETH-USD,BUY,4307.83,4304.57,4.67,0,0,0
2025-08-20 14:25:00,2025-08-22 12:10:00,2745.0,ETH-USD,SELL,4278.48,4766.19,-9.39,0,0,0
2025-08-22 12:25:00,2025-08-29 10:05:00,9940.0,ETH-USD,BUY,4744.75,4288.91,-9.3,0,0,0
2025-08-29 10:10:00,2025-08-30 01:40:00,930.0,ETH-USD,SELL,4287.88,4395.97,-9.21,0,0,0
2025-08-30 01:45:00,2025-08-30 09:05:00,440.0,ETH-USD,BUY,4387.51,4345.8,-9.11,0,0,0
2025-08-30 09:10:00,2025-08-30 11:20:00,130.0,ETH-USD,SELL,4344.4,4375.86,-9.02,0,0,0
2025-08-30 11:25:00,2025-08-30 15:20:00,235.0,ETH-USD,BUY,4371.93,4340.69,-8.93,0,0,0
2025-08-30 15:25:00,2025-08-30 17:00:00,95.0,ETH-USD,SELL,4348.41,4346.36,4.42,0,0,0
2025-08-30 17:55:00,2025-08-30 20:30:00,155.0,ETH-USD,SELL,4347.43,4395.44,-8.89,0,0,0
2025-08-30 20:35:00,2025-08-31 19:30:00,1375.0,ETH-USD,BUY,4397.07,4391.67,4.4,0,0,0
2025-08-31 19:35:00,2025-09-01 23:10:00,1655.0,ETH-USD,SELL,4385.1,4383.05,4.42,0,0,0
2025-09-01 23:40:00,2025-09-02 15:30:00,950.0,ETH-USD,BUY,4371.28,4264.05,-8.89,0,0,0
2025-09-02 15:40:00,2025-09-02 16:35:00,55.0,ETH-USD,BUY,4276.48,4321.38,13.2,0,0,0
2025-09-02 16:40:00,2025-09-02 21:10:00,270.0,ETH-USD,BUY,4318.49,4294.47,-8.93,0,0,0
2025-09-02 21:30:00,2025-09-02 21:55:00,25.0,ETH-USD,SELL,4292.63,4324.87,-8.84,0,0,0
2025-09-02 22:15:00,2025-09-03 10:40:00,745.0,ETH-USD,BUY,4344.93,4479.29,13.13,0,0,0
2025-09-03 10:45:00,2025-09-04 11:10:00,1465.0,ETH-USD,BUY,4476.61,4312.98,-8.88,0,0,0
2025-09-04 11:25:00,2025-09-04 16:25:00,300.0,ETH-USD,SELL,4307.06,4305.93,4.4,0,0,0
2025-09-04 17:15:00,2025-09-04 18:55:00,100.0,ETH-USD,BUY,4313.61,4341.82,13.26,0,0,0
2025-09-04 20:00:00,2025-10-01 04:50:00,37970.0,ETH-USD,SELL,4304.76,4293.85,4.49,0,0,0
2025-10-01 04:55:00,2025-10-03 12:35:00,3340.0,ETH-USD,BUY,4292.4,4585.21,13.53,0,0,0
2025-10-03 12:40:00,2025-10-03 13:00:00,20.0,ETH-USD,BUY,4585.18,4490.89,-9.15,0,0,0
2025-10-03 13:15:00,2025-10-03 14:20:00,65.0,ETH-USD,SELL,4500.54,4499.57,4.53,0,0,0
2025-10-03 14:25:00,2025-10-05 12:50:00,2785.0,ETH-USD,BUY,4505.62,4518.34,4.55,0,0,0
2025-10-05 13:40:00,2025-10-05 14:00:00,20.0,ETH-USD,SELL,4515.8,4515.89,4.58,0,0,0
2025-10-05 15:30:00,2025-10-05 20:15:00,285.0,ETH-USD,SELL,4505.52,4551.7,-9.2,0,0,0
2025-10-05 21:40:00,2025-10-06 10:00:00,740.0,ETH-USD,BUY,4523.89,4647.14,13.66,0,0,0
2025-10-06 10:05:00,2025-10-07 12:20:00,1575.0,ETH-USD,BUY,4660.61,4463.99,-9.24,0,0,0
2025-10-07 12:25:00,2025-10-07 12:35:00,10.0,ETH-USD,SELL,4484.62,4518.82,-9.15,0,0,0
2025-10-07 12:55:00,2025-10-10 11:30:00,4235.0,ETH-USD,SELL,4501.1,4094.96,13.59,0,0,0
2025-10-10 11:35:00,2025-10-12 12:40:00,2945.0,ETH-USD,SELL,4110.73,4122.26,4.6,0,0,0
2025-10-12 12:55:00,2025-10-12 17:25:00,270.0,ETH-USD,BUY,4109.35,4125.48,4.62,0,0,0
2025-10-12 18:55:00,2025-10-13 23:15:00,1700.0,ETH-USD,BUY,4138.1,4153.7,4.64,0,0,0
2025-10-13 23:20:00,2025-10-14 02:45:00,205.0,ETH-USD,SELL,4149.64,3999.0,14.0,0,0,0
2025-10-14 02:50:00,2025-10-14 12:20:00,570.0,ETH-USD,SELL,4009.2,4141.2,-9.47,0,0,0
2025-10-14 13:20:00,2025-10-14 15:40:00,140.0,ETH-USD,BUY,4130.34,4059.3,-9.38,0,0,0
2025-10-14 16:05:00,2025-10-17 02:45:00,3520.0,ETH-USD,SELL,4094.68,3809.1,13.93,0,0,0
2025-10-17 02:55:00,2025-10-26 18:00:00,13865.0,ETH-USD,SELL,3819.73,4140.84,-9.42,0,0,0
2025-10-26 18:05:00,2025-10-27 07:20:00,795.0,ETH-USD,BUY,4138.29,4144.54,4.66,0,0,0
2025-10-27 08:50:00,2025-10-27 09:50:00,60.0,ETH-USD,SELL,4143.41,4184.2,-9.38,0,0,0
2025-10-27 11:05:00,2025-10-27 22:50:00,705.0,ETH-USD,BUY,4157.33,4094.51,-9.28,0,0,0
2025-10-27 23:00:00,2025-10-28 02:45:00,225.0,ETH-USD,SELL,4099.51,4103.85,4.59,0,0,0
2025-10-28 05:15:00,2025-10-28 05:40:00,25.0,ETH-USD,SELL,4119.23,4120.65,4.62,0,0,0
2025-10-28 06:05:00,2025-10-29 14:35:00,1950.0,ETH-USD,SELL,4115.01,3859.82,13.92,0,0,0
2025-10-29 14:45:00,2025-10-30 15:55:00,1510.0,ETH-USD,SELL,3896.59,3686.11,14.13,0,0,0
2025-10-30 16:00:00,2025-10-30 16:30:00,30.0,ETH-USD,SELL,3686.27,3721.01,-9.56,0,0,0
2025-10-30 17:05:00,2025-10-30 19:35:00,150.0,ETH-USD,BUY,3762.44,3789.6,14.2,0,0,0
2025-10-30 19:40:00,2025-10-30 21:15:00,95.0,ETH-USD,BUY,3785.0,3852.93,14.41,0,0,0
2025-10-30 21:20:00,2025-10-31 17:05:00,1185.0,ETH-USD,BUY,3850.67,3852.89,4.88,0,0,0
2025-10-31 17:10:00,2025-10-31 18:05:00,55.0,ETH-USD,SELL,3841.08,3860.13,-9.8,0,0,0
2025-10-31 18:40:00,2025-11-01 11:05:00,985.0,ETH-USD,SELL,3854.24,3895.19,-9.7,0,0,0
2025-11-01 11:10:00,2025-11-02 21:30:00,2120.0,ETH-USD,BUY,3891.39,3799.1,-9.61,0,0,0
2025-11-02 21:35:00,2025-11-03 01:40:00,245.0,ETH-USD,SELL,3793.1,3709.34,14.26,0,0,0
2025-11-03 01:55:00,2025-11-03 02:10:00,15.0,ETH-USD,SELL,3717.94,3715.93,4.83,0,0,0
2025-11-03 02:55:00,2025-11-03 03:50:00,55.0,ETH-USD,SELL,3713.8,3717.93,4.85,0,0,0
2025-11-03 04:45:00,2025-11-03 06:15:00,90.0,ETH-USD,SELL,3707.08,3708.57,4.87,0,0,0
2025-11-03 07:05:00,2025-11-03 09:05:00,120.0,ETH-USD,SELL,3714.24,3733.51,-9.8,0,0,0
2025-11-03 12:30:00,2025-11-03 12:45:00,15.0,ETH-USD,BUY,3650.32,3674.95,14.55,0,0,0
2025-11-03 12:55:00,2025-11-03 13:45:00,50.0,ETH-USD,BUY,3665.98,3638.68,-9.85,0,0,0
2025-11-03 13:50:00,2025-11-04 11:50:00,1320.0,ETH-USD,SELL,3637.39,3447.41,14.62,0,0,0
2025-11-04 11:55:00,2025-11-04 14:50:00,175.0,ETH-USD,SELL,3427.51,3248.1,14.84,0,0,0
2025-11-04 14:55:00,2025-11-09 09:25:00,6870.0,ETH-USD,SELL,3228.44,3553.38,-10.04,0,0,0
2025-11-09 09:30:00,2025-11-09 20:25:00,655.0,ETH-USD,BUY,3539.28,3642.88,14.91,0,0,0
2025-11-09 20:30:00,2025-11-10 10:50:00,860.0,ETH-USD,BUY,3630.7,3514.51,-10.09,0,0,0
2025-11-10 11:10:00,2025-11-10 11:45:00,35.0,ETH-USD,BUY,3528.53,3522.45,-9.99,0,0,0
2025-11-10 13:30:00,2025-11-10 19:55:00,385.0,ETH-USD,SELL,3545.59,3585.23,-9.89,0,0,0
2025-11-10 21:40:00,2025-11-11 10:30:00,770.0,ETH-USD,BUY,3628.9,3480.0,-9.79,0,0,0
2025-11-11 10:35:00,2025-11-11 13:00:00,145.0,ETH-USD,SELL,3483.4,3474.05,4.85,0,0,0
2025-11-11 13:50:00,2025-11-12 03:35:00,825.0,ETH-USD,SELL,3470.29,3476.25,4.87,0,0,0
2025-11-12 04:35:00,2025-11-12 05:25:00,50.0,ETH-USD,BUY,3484.95,3509.69,14.68,0,0,0
2025-11-12 05:30:00,2025-11-12 09:45:00,255.0,ETH-USD,BUY,3534.01,3498.59,4.97,0,0,0
2025-11-12 09:50:00,2025-11-13 00:35:00,885.0,ETH-USD,SELL,3507.81,3502.4,4.99,0,0,0
2025-11-13 01:00:00,2025-11-13 08:25:00,445.0,ETH-USD,BUY,3522.43,3467.6,-10.04,0,0,0
2025-11-13 08:30:00,2025-11-13 12:15:00,225.0,ETH-USD,SELL,3449.63,3291.56,14.9,0,0,0
2025-11-13 12:20:00,2025-11-13 13:50:00,90.0,ETH-USD,SELL,3299.89,3197.5,15.13,0,0,0
2025-11-13 13:55:00,2025-11-14 09:45:00,1190.0,ETH-USD,SELL,3211.82,3198.81,5.12,0,0,0
2025-11-14 11:20:00,2025-11-14 12:25:00,65.0,ETH-USD,BUY,3212.2,3214.99,5.14,0,0,0
2025-11-14 12:40:00,2025-11-14 13:10:00,30.0,ETH-USD,SELL,3206.41,3200.55,5.17,0,0,0
2025-11-14 13:55:00,2025-11-14 20:50:00,415.0,ETH-USD,SELL,3166.62,3167.0,5.2,0,0,0
2025-11-14 21:15:00,2025-11-14 21:25:00,10.0,ETH-USD,BUY,3168.26,3173.4,5.22,0,0,0
2025-11-14 22:10:00,2025-11-14 22:20:00,10.0,ETH-USD,BUY,3185.35,3183.1,5.25,0,0,0
2025-11-14 22:45:00,2025-11-15 08:20:00,575.0,ETH-USD,SELL,3175.44,3178.55,5.27,0,0,0
2025-11-15 08:25:00,2025-11-15 09:25:00,60.0,ETH-USD,BUY,3176.91,3179.05,5.3,0,0,0
2025-11-15 10:25:00,2025-11-15 11:05:00,40.0,ETH-USD,BUY,3183.94,3170.2,-10.65,0,0,0
2025-11-15 11:55:00,2025-11-15 13:05:00,70.0,ETH-USD,BUY,3184.09,3218.88,15.82,0,0,0
2025-11-15 13:15:00,2025-11-15 13:25:00,10.0,ETH-USD,BUY,3218.26,3210.94,-10.7,0,0,0
2025-11-15 16:30:00,2025-11-15 21:25:00,295.0,ETH-USD,SELL,3175.7,3175.64,5.3,0,0,0
2025-11-15 21:30:00,2025-11-15 21:45:00,15.0,ETH-USD,BUY,3174.9,3195.31,15.98,0,0,0
2025-11-15 21:50:00,2025-11-16 06:10:00,500.0,ETH-USD,BUY,3195.36,3197.8,5.41,0,0,0
2025-11-16 06:15:00,2025-11-16 10:50:00,275.0,ETH-USD,SELL,3200.4,3126.29,16.3,0,0,0
2025-11-16 11:05:00,2025-11-16 18:20:00,435.0,ETH-USD,SELL,3097.49,3098.09,5.51,0,0,0
2025-11-16 18:35:00,2025-11-16 19:15:00,40.0,ETH-USD,BUY,3096.98,3071.7,-11.08,0,0,0
2025-11-16 19:20:00,2025-11-16 22:15:00,175.0,ETH-USD,SELL,3082.5,3162.91,-10.97,0,0,0
2025-11-16 22:20:00,2025-11-17 08:45:00,625.0,ETH-USD,BUY,3173.01,3107.79,-10.86,0,0,0
2025-11-17 09:05:00,2025-11-18 10:20:00,1515.0,ETH-USD,SELL,3112.94,3106.24,5.38,0,0,0
2025-11-18 10:40:00,2025-11-19 00:25:00,825.0,ETH-USD,BUY,3107.82,3023.26,-10.81,0,0,0
2025-11-19 00:30:00,2025-11-19 18:05:00,1055.0,ETH-USD,SELL,3010.7,3017.91,5.35,0,0,0
2025-11-19 18:15:00,2025-11-20 10:55:00,1000.0,ETH-USD,BUY,3012.5,2951.38,-10.75,0,0,0
2025-11-20 11:35:00,2025-12-03 17:45:00,19090.0,ETH-USD,SELL,2878.95,3186.51,-10.64,0,0,0
2025-12-03 17:50:00,2025-12-03 18:20:00,30.0,ETH-USD,BUY,3182.11,3181.09,5.27,0,0,0
2025-12-03 18:40:00,2025-12-03 19:10:00,30.0,ETH-USD,BUY,3190.16,3176.4,-10.59,0,0,0
2025-12-03 19:45:00,2025-12-17 11:15:00,19650.0,ETH-USD,BUY,3201.61,2862.81,-10.49,0,0,0
2025-12-17 11:20:00,2025-12-31 00:00:00,19480.0,ETH-USD,SELL,2847.23,2970.33,0.0,0,0,0
2025-01-02 04:10:00,2025-01-02 04:55:00,45.0,ETH-USD,BUY,3436.96,3463.57,15.0,0,0,0
2025-01-02 05:00:00,2025-01-02 09:00:00,240.0,ETH-USD,BUY,3456.44,3441.52,5.08,0,0,0
2025-01-02 09:05:00,2025-01-02 09:25:00,20.0,ETH-USD,SELL,3455.16,3459.86,5.1,0,0,0
2025-01-02 09:35:00,2025-01-03 10:40:00,1505.0,ETH-USD,BUY,3458.84,3551.65,15.38,0,0,0
2025-01-03 10:45:00,2025-01-07 09:55:00,5710.0,ETH-USD,BUY,3569.02,3569.02,5.2,0,0,0
2025-01-07 10:00:00,2025-01-07 14:40:00,280.0,ETH-USD,SELL,3559.05,3399.67,15.69,0,0,0
2025-01-07 14:45:00,2025-01-15 14:25:00,11500.0,ETH-USD,SELL,3388.11,3393.37,5.31,0,0,0
2025-01-15 14:40:00,2025-01-15 19:35:00,295.0,ETH-USD,BUY,3409.22,3391.71,5.33,0,0,0
2025-01-15 20:05:00,2025-01-15 20:20:00,15.0,ETH-USD,BUY,3410.89,3400.94,-10.72,0,0,0
2025-01-15 21:35:00,2025-01-15 22:15:00,40.0,ETH-USD,SELL,3393.45,3366.91,15.92,0,0,0
2025-01-15 22:20:00,2025-01-15 22:40:00,20.0,ETH-USD,SELL,3365.33,3366.19,5.39,0,0,0
2025-01-15 22:50:00,2025-01-16 02:15:00,205.0,ETH-USD,SELL,3361.98,3383.58,-10.83,0,0,0
2025-01-16 02:35:00,2025-01-16 03:15:00,40.0,ETH-USD,BUY,3383.12,3365.42,-10.72,0,0,0
2025-01-16 03:20:00,2025-01-16 06:55:00,215.0,ETH-USD,SELL,3354.78,3350.49,5.31,0,0,0
2025-01-16 07:10:00,2025-01-16 08:05:00,55.0,ETH-USD,BUY,3354.24,3335.39,-10.66,0,0,0
2025-01-16 08:45:00,2025-01-17 03:50:00,1145.0,ETH-USD,SELL,3331.48,3404.0,-10.56,0,0,0
2025-01-17 03:55:00,2025-01-17 07:30:00,215.0,ETH-USD,BUY,3406.43,3405.16,5.23,0,0,0
2025-01-17 08:25:00,2025-01-17 10:25:00,120.0,ETH-USD,BUY,3418.09,3418.12,5.25,0,0,0
2025-01-17 11:20:00,2025-01-17 12:35:00,75.0,ETH-USD,BUY,3444.62,3417.52,-10.56,0,0,0
2025-01-17 12:40:00,2025-01-17 14:20:00,100.0,ETH-USD,SELL,3415.22,3440.91,-10.45,0,0,0
2025-01-17 14:55:00,2025-01-17 15:25:00,30.0,ETH-USD,BUY,3435.06,3492.66,15.52,0,0,0
2025-01-17 15:30:00,2025-01-17 22:25:00,415.0,ETH-USD,BUY,3506.81,3427.22,-10.5,0,0,0
2025-01-17 22:30:00,2025-01-18 05:10:00,400.0,ETH-USD,SELL,3422.97,3246.49,15.6,0,0,0
2025-01-18 05:45:00,2025-01-18 05:55:00,10.0,ETH-USD,SELL,3250.47,3264.9,-10.55,0,0,0
2025-01-18 06:50:00,2025-01-18 11:15:00,265.0,ETH-USD,BUY,3308.37,3270.52,-10.45,0,0,0
2025-01-18 11:25:00,2025-01-18 20:10:00,525.0,ETH-USD,SELL,3289.43,3354.93,-10.34,0,0,0
2025-01-18 20:15:00,2025-01-18 23:15:00,180.0,ETH-USD,BUY,3352.19,3291.0,-10.24,0,0,0
2025-01-18 23:20:00,2025-01-19 04:15:00,295.0,ETH-USD,SELL,3297.16,3164.19,15.21,0,0,0
2025-01-19 04:20:00,2025-01-19 09:00:00,280.0,ETH-USD,SELL,3150.77,3318.91,-10.29,0,0,0
2025-01-19 09:25:00,2025-01-19 16:00:00,395.0,ETH-USD,BUY,3346.63,3338.15,5.09,0,0,0
2025-01-19 17:15:00,2025-01-30 09:50:00,15395.0,ETH-USD,SELL,3277.62,3275.81,5.12,0,0,0
2025-01-30 10:05:00,2025-02-01 22:10:00,3605.0,ETH-USD,BUY,3265.91,3095.29,-10.29,0,0,0
2025-02-01 22:15:00,2025-02-02 17:40:00,1165.0,ETH-USD,SELL,3100.41,2845.3,15.28,0,0,0
2025-02-02 17:50:00,2025-02-02 20:45:00,175.0,ETH-USD,SELL,2856.41,2650.3,15.51,0,0,0
2025-02-02 20:50:00,2025-02-02 21:15:00,25.0,ETH-USD,SELL,2569.3,2567.62,5.25,0,0,0
2025-02-02 23:15:00,2025-03-02 13:25:00,39730.0,ETH-USD,SELL,2512.56,2488.38,5.27,0,0,0
2025-03-02 13:30:00,2025-03-03 13:30:00,1440.0,ETH-USD,BUY,2470.92,2206.54,-10.6,0,0,0
2025-03-03 14:20:00,2025-03-04 15:00:00,1480.0,ETH-USD,SELL,2177.15,2168.88,5.25,0,0,0
2025-03-04 15:05:00,2025-03-04 15:55:00,50.0,ETH-USD,BUY,2168.34,2138.68,-10.55,0,0,0
2025-03-04 18:55:00,2025-03-04 19:05:00,10.0,ETH-USD,SELL,2170.92,2169.91,5.22,0,0,0
2025-03-04 20:00:00,2025-03-04 20:10:00,10.0,ETH-USD,SELL,2156.54,2164.13,-10.49,0,0,0
2025-03-04 20:35:00,2025-03-09 19:05:00,7050.0,ETH-USD,BUY,2177.91,2006.14,-10.39,0,0,0
2025-03-09 19:10:00,2025-03-10 05:15:00,605.0,ETH-USD,SELL,2018.08,2131.94,-10.28,0,0,0
2025-03-10 05:20:00,2025-03-10 10:00:00,280.0,ETH-USD,BUY,2141.23,2052.45,-10.18,0,0,0
2025-03-10 10:05:00,2025-03-10 13:00:00,175.0,ETH-USD,SELL,2053.53,1961.03,15.12,0,0,0
2025-03-10 13:10:00,2025-03-11 09:25:00,1215.0,ETH-USD,SELL,1943.2,1919.91,5.11,0,0,0
2025-03-11 09:55:00,2025-03-12 11:05:00,1510.0,ETH-USD,BUY,1902.99,1845.01,-10.28,0,0,0
2025-03-12 11:10:00,2025-03-24 04:15:00,16865.0,ETH-USD,SELL,1840.98,2080.97,-10.18,0,0,0
2025-03-24 04:35:00,2025-03-24 08:25:00,230.0,ETH-USD,BUY,2085.1,2079.35,5.04,0,0,0
2025-03-24 08:30:00,2025-03-24 09:30:00,60.0,ETH-USD,SELL,2084.93,2080.99,5.06,0,0,0
2025-03-24 10:05:00,2025-03-24 21:30:00,685.0,ETH-USD,BUY,2091.97,2063.53,-10.18,0,0,0
2025-03-24 21:35:00,2025-03-25 03:00:00,325.0,ETH-USD,SELL,2064.87,2066.07,5.04,0,0,0
2025-03-25 03:45:00,2025-03-25 04:05:00,20.0,ETH-USD,SELL,2053.59,2060.23,-10.13,0,0,0
2025-03-25 04:20:00,2025-03-25 05:20:00,60.0,ETH-USD,SELL,2059.38,2063.85,-10.02,0,0,0
2025-03-25 05:45:00,2025-03-25 06:15:00,30.0,ETH-USD,BUY,2072.14,2063.84,-9.92,0,0,0
2025-03-25 08:35:00,2025-03-25 09:10:00,35.0,ETH-USD,SELL,2059.2,2066.23,-9.82,0,0,0
2025-03-25 09:30:00,2025-03-26 13:25:00,1675.0,ETH-USD,BUY,2075.43,2009.66,-9.73,0,0,0
2025-03-26 13:35:00,2025-03-26 15:05:00,90.0,ETH-USD,SELL,2009.0,1989.0,14.44,0,0,0
2025-03-26 15:25:00,2025-03-26 16:30:00,65.0,ETH-USD,SELL,1990.11,2017.06,-9.77,0,0,0
2025-03-26 16:35:00,2025-03-26 17:05:00,30.0,ETH-USD,BUY,2016.29,2007.1,-9.68,0,0,0
2025-03-26 17:10:00,2025-03-26 17:35:00,25.0,ETH-USD,SELL,2010.16,1999.93,14.37,0,0,0
2025-03-26 17:40:00,2025-03-26 20:25:00,165.0,ETH-USD,SELL,2002.68,2015.68,-9.72,0,0,0
2025-03-26 20:30:00,2025-03-26 22:50:00,140.0,ETH-USD,BUY,2015.99,2032.79,14.44,0,0,0
2025-03-26 22:55:00,2025-03-27 09:20:00,625.0,ETH-USD,BUY,2030.91,2005.83,-9.77,0,0,0
2025-03-27 09:35:00,2025-03-27 10:00:00,25.0,ETH-USD,SELL,1988.09,2006.86,-9.67,0,0,0
2025-03-27 11:50:00,2025-03-28 00:40:00,770.0,ETH-USD,SELL,2007.51,1937.9,14.36,0,0,0
2025-03-28 01:25:00,2025-04-01 11:15:00,6350.0,ETH-USD,SELL,1914.47,1911.9,4.86,0,0,0
2025-04-01 11:20:00,2025-04-02 18:10:00,1850.0,ETH-USD,BUY,1914.18,1836.89,-9.77,0,0,0
2025-04-02 18:25:00,2025-04-07 02:40:00,6255.0,ETH-USD,SELL,1824.1,1466.85,14.51,0,0,0
2025-04-07 03:10:00,2025-04-07 10:10:00,420.0,ETH-USD,SELL,1444.53,1587.74,-9.82,0,0,0
2025-04-07 10:30:00,2025-04-08 12:55:00,1585.0,ETH-USD,BUY,1557.31,1485.68,-9.72,0,0,0
2025-04-08 13:00:00,2025-04-08 21:15:00,495.0,ETH-USD,SELL,1486.56,1412.69,14.43,0,0,0
2025-04-08 21:20:00,2025-04-09 02:05:00,285.0,ETH-USD,SELL,1406.65,1465.91,-9.76,0,0,0
2025-04-09 03:35:00,2025-04-09 07:00:00,205.0,ETH-USD,BUY,1483.78,1458.14,-9.67,0,0,0
2025-04-09 07:20:00,2025-04-09 13:20:00,360.0,ETH-USD,SELL,1455.48,1568.74,-9.57,0,0,0
2025-04-09 13:45:00,2025-04-09 14:10:00,25.0,ETH-USD,BUY,1599.36,1665.36,14.21,0,0,0
2025-04-09 14:15:00,2025-05-08 11:40:00,41605.0,ETH-USD,BUY,1658.8,2058.13,14.42,0,0,0
2025-05-08 11:45:00,2025-05-09 03:05:00,920.0,ETH-USD,BUY,2059.75,2296.26,14.64,0,0,0
2025-05-09 03:10:00,2025-05-09 04:30:00,80.0,ETH-USD,BUY,2294.74,2471.34,14.86,0,0,0
2025-05-09 04:35:00,2025-05-16 22:10:00,11135.0,ETH-USD,BUY,2457.46,2458.12,5.03,0,0,0
2025-05-16 22:15:00,2025-05-16 22:40:00,25.0,ETH-USD,SELL,2465.27,2496.27,-10.11,0,0,0
2025-05-16 23:55:00,2025-05-17 01:15:00,80.0,ETH-USD,BUY,2497.78,2498.7,5.0,0,0,0
2025-05-17 01:30:00,2025-05-17 01:55:00,25.0,ETH-USD,SELL,2491.01,2480.88,15.08,0,0,0
2025-05-17 02:20:00,2025-05-17 03:05:00,45.0,ETH-USD,SELL,2487.48,2501.28,-10.21,0,0,0
2025-05-17 03:15:00,2025-05-17 03:40:00,25.0,ETH-USD,BUY,2500.1,2488.36,-10.1,0,0,0
2025-05-17 04:25:00,2025-05-17 16:50:00,745.0,ETH-USD,SELL,2492.13,2495.56,5.0,0,0,0
2025-05-17 16:55:00,2025-05-17 18:05:00,70.0,ETH-USD,BUY,2489.79,2469.57,-10.05,0,0,0
2025-05-17 18:10:00,2025-05-17 21:55:00,225.0,ETH-USD,SELL,2470.45,2486.07,-9.95,0,0,0
2025-05-17 22:40:00,2025-05-18 09:55:00,675.0,ETH-USD,SELL,2478.54,2542.71,-9.85,0,0,0
2025-05-18 10:00:00,2025-05-18 13:25:00,205.0,ETH-USD,BUY,2534.18,2542.8,4.88,0,0,0
2025-05-18 13:30:00,2025-05-18 14:00:00,30.0,ETH-USD,SELL,2540.0,2472.66,14.7,0,0,0
2025-05-18 14:05:00,2025-05-18 19:50:00,345.0,ETH-USD,SELL,2464.85,2499.56,4.97,0,0,0
2025-05-18 20:45:00,2025-05-19 13:05:00,980.0,ETH-USD,SELL,2442.39,2541.98,-10.0,0,0,0
2025-05-19 13:15:00,2025-05-20 06:10:00,1015.0,ETH-USD,BUY,2520.18,2522.2,4.95,0,0,0
2025-05-20 07:00:00,2025-05-20 07:15:00,15.0,ETH-USD,SELL,2511.16,2500.22,14.92,0,0,0
2025-05-20 08:05:00,2025-05-20 08:40:00,35.0,ETH-USD,SELL,2505.5,2488.52,15.15,0,0,0
2025-05-20 08:45:00,2025-05-20 15:30:00,405.0,ETH-USD,SELL,2487.33,2489.63,5.12,0,0,0
2025-05-20 15:35:00,2025-05-21 00:35:00,540.0,ETH-USD,BUY,2485.31,2557.74,15.45,0,0,0
2025-05-21 00:55:00,2025-05-21 03:20:00,145.0,ETH-USD,BUY,2551.71,2549.08,5.23,0,0,0
2025-05-21 03:35:00,2025-05-21 05:40:00,125.0,ETH-USD,SELL,2550.42,2520.7,15.76,0,0,0
2025-05-21 05:45:00,2025-05-21 06:10:00,25.0,ETH-USD,SELL,2522.06,2531.36,-10.67,0,0,0
2025-05-21 07:00:00,2025-05-21 07:20:00,20.0,ETH-USD,BUY,2536.29,2553.33,15.84,0,0,0
2025-05-21 07:25:00,2025-05-21 09:10:00,105.0,ETH-USD,BUY,2553.04,2524.98,-10.72,0,0,0
2025-05-21 10:05:00,2025-05-21 13:15:00,190.0,ETH-USD,BUY,2551.7,2543.1,5.31,0,0,0
2025-05-21 15:10:00,2025-05-21 15:30:00,20.0,ETH-USD,SELL,2472.11,2490.93,-10.66,0,0,0
2025-05-21 16:00:00,2025-05-22 04:15:00,735.0,ETH-USD,BUY,2507.05,2678.54,15.83,0,0,0
2025-05-22 04:20:00,2025-05-23 02:20:00,1320.0,ETH-USD,BUY,2662.64,2664.14,5.36,0,0,0
2025-05-23 02:25:00,2025-05-23 07:50:00,325.0,ETH-USD,SELL,2664.31,2577.18,16.15,0,0,0
2025-05-23 07:55:00,2025-05-25 20:55:00,3660.0,ETH-USD,SELL,2566.41,2572.67,5.47,0,0,0
2025-05-25 21:05:00,2025-05-26 21:20:00,1455.0,ETH-USD,BUY,2562.02,2525.11,-10.98,0,0,0
2025-05-26 21:30:00,2025-05-27 07:40:00,610.0,ETH-USD,SELL,2530.14,2645.79,-10.87,0,0,0
2025-05-27 07:55:00,2025-05-27 09:40:00,105.0,ETH-USD,BUY,2653.07,2657.79,5.38,0,0,0
2025-05-27 09:55:00,2025-05-27 18:15:00,500.0,ETH-USD,BUY,2656.79,2656.38,5.41,0,0,0
2025-05-27 18:25:00,2025-05-27 21:55:00,210.0,ETH-USD,SELL,2663.8,2635.76,16.31,0,0,0
2025-05-27 22:10:00,2025-05-28 08:20:00,610.0,ETH-USD,SELL,2632.12,2673.6,-11.04,0,0,0
2025-05-28 08:25:00,2025-05-28 10:10:00,105.0,ETH-USD,BUY,2672.79,2635.67,-10.93,0,0,0
2025-05-28 10:35:00,2025-05-28 20:20:00,585.0,ETH-USD,SELL,2636.6,2694.65,-10.82,0,0,0
2025-05-28 21:25:00,2025-05-29 00:45:00,200.0,ETH-USD,BUY,2709.07,2713.36,5.35,0,0,0
2025-05-29 01:05:00,2025-05-29 01:15:00,10.0,ETH-USD,SELL,2726.78,2733.77,-10.76,0,0,0
2025-05-29 02:05:00,2025-05-29 02:15:00,10.0,ETH-USD,SELL,2720.23,2729.21,-10.66,0,0,0
2025-05-29 03:50:00,2025-05-29 04:00:00,10.0,ETH-USD,BUY,2734.06,2718.29,-10.55,0,0,0
2025-05-29 04:10:00,2025-05-29 09:40:00,330.0,ETH-USD,SELL,2725.86,2659.82,15.66,0,0,0
2025-05-29 09:45:00,2025-05-29 10:45:00,60.0,ETH-USD,SELL,2659.93,2662.47,5.3,0,0,0
2025-05-29 11:10:00,2025-05-29 11:45:00,35.0,ETH-USD,BUY,2664.71,2644.04,-10.65,0,0,0
2025-05-29 11:50:00,2025-05-30 01:40:00,830.0,ETH-USD,SELL,2649.02,2646.49,5.27,0,0,0
2025-05-30 01:55:00,2025-05-30 02:25:00,30.0,ETH-USD,BUY,2644.58,2628.5,-10.6,0,0,0
2025-05-30 03:25:00,2025-05-30 05:35:00,130.0,ETH-USD,BUY,2633.03,2595.11,-10.49,0,0,0
2025-05-30 05:40:00,2025-05-30 06:45:00,65.0,ETH-USD,SELL,2602.98,2623.49,-10.39,0,0,0
2025-05-30 06:50:00,2025-05-30 07:10:00,20.0,ETH-USD,BUY,2620.18,2620.67,5.14,0,0,0
2025-05-30 07:15:00,2025-05-30 08:05:00,50.0,ETH-USD,BUY,2625.65,2614.88,-10.34,0,0,0
2025-05-30 08:55:00,2025-05-30 09:35:00,40.0,ETH-USD,SELL,2610.83,2594.03,15.35,0,0,0
2025-05-30 09:40:00,2025-06-02 19:00:00,4880.0,ETH-USD,SELL,2594.67,2595.79,5.19,0,0,0
2025-06-02 19:05:00,2025-06-02 23:10:00,245.0,ETH-USD,BUY,2598.51,2599.74,5.22,0,0,0
2025-06-03 01:05:00,2025-06-03 04:10:00,185.0,ETH-USD,BUY,2603.39,2602.25,5.24,0,0,0
2025-06-03 04:20:00,2025-06-03 04:50:00,30.0,ETH-USD,SELL,2607.76,2607.46,5.27,0,0,0
2025-06-03 05:00:00,2025-06-03 07:20:00,140.0,ETH-USD,BUY,2608.42,2607.4,5.3,0,0,0
2025-06-03 08:40:00,2025-06-03 10:55:00,135.0,ETH-USD,BUY,2611.19,2650.57,15.97,0,0,0
2025-06-03 11:05:00,2025-06-03 12:20:00,75.0,ETH-USD,BUY,2641.7,2617.47,-10.81,0,0,0
2025-06-03 12:25:00,2025-06-03 21:05:00,520.0,ETH-USD,SELL,2612.27,2613.04,5.35,0,0,0
2025-06-03 21:20:00,2025-06-03 21:30:00,10.0,ETH-USD,BUY,2614.18,2613.33,5.38,0,0,0
2025-06-03 22:15:00,2025-06-03 23:00:00,45.0,ETH-USD,BUY,2617.8,2620.42,-10.81,0,0,0
2025-06-03 23:05:00,2025-06-04 01:00:00,115.0,ETH-USD,BUY,2623.51,2643.53,16.05,0,0,0
2025-06-04 01:55:00,2025-06-04 02:00:00,5.0,ETH-USD,SELL,2626.49,2631.47,-10.86,0,0,0
2025-06-04 02:30:00,2025-06-04 04:10:00,100.0,ETH-USD,SELL,2626.23,2637.67,-10.75,0,0,0
2025-06-04 04:15:00,2025-06-04 05:15:00,60.0,ETH-USD,BUY,2643.58,2637.11,-10.64,0,0,0
2025-06-04 05:20:00,2025-06-04 05:25:00,5.0,ETH-USD,BUY,2638.88,2637.29,-10.54,0,0,0
2025-06-04 06:10:00,2025-06-04 06:20:00,10.0,ETH-USD,BUY,2650.51,2642.91,-10.43,0,0,0
2025-06-04 06:50:00,2025-06-04 08:55:00,125.0,ETH-USD,SELL,2640.36,2618.28,15.49,0,0,0
2025-06-04 09:00:00,2025-06-04 10:55:00,115.0,ETH-USD,SELL,2615.76,2641.34,-10.48,0,0,0
2025-06-04 11:00:00,2025-06-04 13:30:00,150.0,ETH-USD,BUY,2636.82,2639.91,5.19,0,0,0
2025-06-04 13:40:00,2025-06-05 06:35:00,1015.0,ETH-USD,SELL,2637.49,2589.59,15.64,0,0,0
2025-06-05 07:05:00,2025-06-05 07:20:00,15.0,ETH-USD,SELL,2594.71,2604.8,-10.59,0,0,0
2025-06-05 07:45:00,2025-06-05 08:05:00,20.0,ETH-USD,BUY,2608.98,2617.8,15.72,0,0,0
2025-06-05 08:10:00,2025-06-05 08:15:00,5.0,ETH-USD,BUY,2620.62,2627.98,10.64,0,0,0
2025-06-05 08:20:00,2025-06-05 08:25:00,5.0,ETH-USD,BUY,2626.15,2627.14,10.74,0,0,0
2025-06-05 10:05:00,2025-06-05 15:15:00,310.0,ETH-USD,SELL,2590.68,2519.0,16.28,0,0,0
2025-06-05 15:20:00,2025-06-05 16:40:00,80.0,ETH-USD,SELL,2530.14,2419.94,16.52,0,0,0
2025-06-05 16:45:00,2025-06-07 18:30:00,2985.0,ETH-USD,SELL,2437.15,2539.74,-11.18,0,0,0
2025-06-07 19:35:00,2025-06-07 20:30:00,55.0,ETH-USD,SELL,2525.68,2526.93,5.53,0,0,0
2025-06-07 21:00:00,2025-06-07 21:40:00,40.0,ETH-USD,SELL,2515.39,2520.3,-11.12,0,0,0
2025-06-07 21:50:00,2025-06-08 05:25:00,455.0,ETH-USD,BUY,2519.75,2500.54,-11.01,0,0,0
2025-06-08 07:10:00,2025-06-09 17:00:00,2030.0,ETH-USD,BUY,2505.94,2609.13,16.35,0,0,0
2025-06-09 17:05:00,2025-06-09 20:20:00,195.0,ETH-USD,BUY,2623.68,2714.66,16.6,0,0,0
2025-06-09 20:25:00,2025-06-09 22:05:00,100.0,ETH-USD,BUY,2719.4,2684.2,-11.23,0,0,0
2025-06-09 22:10:00,2025-06-10 05:30:00,440.0,ETH-USD,SELL,2690.76,2689.39,5.56,0,0,0
2025-06-10 05:35:00,2025-06-10 07:15:00,100.0,ETH-USD,BUY,2690.85,2745.99,16.76,0,0,0
2025-06-10 08:00:00,2025-06-11 18:00:00,2040.0,ETH-USD,BUY,2771.67,2772.63,5.67,0,0,0
2025-06-11 18:05:00,2025-06-11 20:20:00,135.0,ETH-USD,SELL,2780.61,2781.04,5.7,0,0,0
2025-06-11 20:45:00,2025-06-12 11:05:00,860.0,ETH-USD,SELL,2772.64,2770.4,5.73,0,0,0
2025-06-12 11:50:00,2025-06-12 20:10:00,500.0,ETH-USD,SELL,2722.74,2569.39,17.27,0,0,0
2025-06-12 20:15:00,2025-07-02 12:50:00,28355.0,ETH-USD,SELL,2565.14,2556.53,5.84,0,0,0
2025-07-02 12:55:00,2025-07-02 13:35:00,40.0,ETH-USD,BUY,2562.27,2562.31,5.87,0,0,0
2025-07-02 14:50:00,2025-07-02 18:30:00,220.0,ETH-USD,BUY,2581.74,2616.77,17.7,0,0,0
2025-07-02 18:35:00,2025-07-04 03:45:00,1990.0,ETH-USD,BUY,2607.33,2541.51,-11.98,0,0,0
2025-07-04 03:50:00,2025-07-04 12:15:00,505.0,ETH-USD,SELL,2536.95,2478.74,17.79,0,0,0
2025-07-04 12:20:00,2025-07-04 18:35:00,375.0,ETH-USD,SELL,2485.0,2519.6,-12.04,0,0,0
2025-07-04 18:50:00,2025-07-04 22:30:00,220.0,ETH-USD,BUY,2521.37,2508.94,-11.92,0,0,0
2025-07-04 23:50:00,2025-07-05 00:20:00,30.0,ETH-USD,SELL,2519.77,2519.9,5.9,0,0,0
2025-07-05 01:35:00,2025-07-05 01:50:00,15.0,ETH-USD,SELL,2517.44,2520.41,-11.86,0,0,0
2025-07-05 02:20:00,2025-07-05 03:35:00,75.0,ETH-USD,BUY,2522.93,2523.04,5.87,0,0,0
2025-07-05 03:50:00,2025-07-05 04:10:00,20.0,ETH-USD,SELL,2520.69,2524.91,-11.8,0,0,0
2025-07-05 04:55:00,2025-07-06 09:50:00,1735.0,ETH-USD,SELL,2517.12,2566.13,-11.68,0,0,0
2025-07-06 09:55:00,2025-07-06 20:35:00,640.0,ETH-USD,BUY,2558.43,2560.92,5.78,0,0,0
2025-07-06 20:40:00,2025-07-08 02:45:00,1805.0,ETH-USD,SELL,2560.51,2563.01,5.81,0,0,0
2025-07-08 03:00:00,2025-07-08 03:15:00,15.0,ETH-USD,BUY,2557.06,2549.69,-11.68,0,0,0
2025-07-08 03:20:00,2025-07-08 07:05:00,225.0,ETH-USD,SELL,2549.65,2576.13,-11.56,0,0,0
2025-07-08 07:10:00,2025-07-08 10:05:00,175.0,ETH-USD,BUY,2579.56,2581.68,5.72,0,0,0
2025-07-08 10:50:00,2025-07-08 12:25:00,95.0,ETH-USD,SELL,2564.0,2576.99,-11.5,0,0,0
2025-07-08 12:40:00,2025-07-08 13:10:00,30.0,ETH-USD,BUY,2575.78,2614.12,17.08,0,0,0
2025-07-08 13:15:00,2025-07-09 14:05:00,1490.0,ETH-USD,BUY,2608.81,2702.54,17.34,0,0,0
2025-07-09 14:15:00,2025-07-10 17:20:00,1625.0,ETH-USD,BUY,2708.72,2906.47,17.6,0,0,0
2025-07-10 17:25:00,2025-07-12 11:40:00,2535.0,ETH-USD,BUY,2907.19,2909.39,5.95,0,0,0
2025-07-12 11:45:00,2025-07-12 19:45:00,480.0,ETH-USD,SELL,2911.65,2946.77,-11.97,0,0,0
2025-07-12 19:55:00,2025-07-12 22:15:00,140.0,ETH-USD,BUY,2944.37,2944.0,5.92,0,0,0
2025-07-12 23:15:00,2025-07-13 01:45:00,150.0,ETH-USD,BUY,2954.59,2954.06,5.95,0,0,0
2025-07-13 02:05:00,2025-07-13 02:35:00,30.0,ETH-USD,BUY,2954.56,2964.95,17.95,0,0,0
2025-07-13 02:40:00,2025-07-13 05:15:00,155.0,ETH-USD,BUY,2963.37,2951.37,-12.15,0,0,0
2025-07-13 05:20:00,2025-07-13 07:05:00,105.0,ETH-USD,SELL,2951.7,2958.49,-12.02,0,0,0
2025-07-13 09:40:00,2025-07-13 09:50:00,10.0,ETH-USD,BUY,2987.78,2988.34,5.95,0,0,0
2025-07-13 09:55:00,2025-07-13 10:20:00,25.0,ETH-USD,BUY,2990.91,3005.68,17.95,0,0,0
2025-07-13 10:25:00,2025-07-13 10:50:00,25.0,ETH-USD,BUY,3008.16,2988.67,-12.14,0,0,0
2025-07-13 12:50:00,2025-07-13 23:40:00,650.0,ETH-USD,SELL,2982.35,3046.14,-12.02,0,0,0
2025-07-13 23:45:00,2025-07-14 01:40:00,115.0,ETH-USD,BUY,3036.44,3035.94,5.95,0,0,0
2025-07-14 03:50:00,2025-07-14 04:20:00,30.0,ETH-USD,BUY,3050.9,3028.18,-11.96,0,0,0
2025-07-14 04:55:00,2025-07-14 08:20:00,205.0,ETH-USD,BUY,3040.34,3043.36,5.92,0,0,0
2025-07-14 09:10:00,2025-07-14 11:50:00,160.0,ETH-USD,BUY,3055.1,3004.02,-11.9,0,0,0
2025-07-14 11:55:00,2025-07-14 14:25:00,150.0,ETH-USD,SELL,3012.9,3009.06,5.89,0,0,0
2025-07-14 15:10:00,2025-07-14 15:40:00,30.0,ETH-USD,SELL,2993.73,3000.14,-11.84,0,0,0
2025-07-14 15:55:00,2025-07-16 14:05:00,2770.0,ETH-USD,BUY,3001.4,3349.5,17.58,0,0,0
2025-07-16 14:10:00,2025-07-16 14:45:00,35.0,ETH-USD,BUY,3339.31,3345.21,5.95,0,0,0
2025-07-16 15:40:00,2025-07-16 17:35:00,115.0,ETH-USD,BUY,3364.66,3371.1,5.98,0,0,0
2025-07-16 17:50:00,2025-07-16 19:20:00,90.0,ETH-USD,SELL,3374.94,3370.52,6.01,0,0,0
2025-07-16 19:25:00,2025-07-16 21:30:00,125.0,ETH-USD,BUY,3368.52,3346.59,6.04,0,0,0
2025-07-16 21:35:00,2025-07-16 22:05:00,30.0,ETH-USD,SELL,3354.45,3354.81,6.07,0,0,0
2025-07-16 23:20:00,2025-07-17 02:05:00,165.0,ETH-USD,SELL,3329.68,3382.78,-12.2,0,0,0
2025-07-17 02:20:00,2025-07-17 09:45:00,445.0,ETH-USD,BUY,3424.92,3389.77,-12.08,0,0,0
2025-07-17 10:20:00,2025-08-02 14:05:00,23265.0,ETH-USD,BUY,3411.76,3417.75,5.98,0,0,0
2025-08-02 14:10:00,2025-08-03 06:45:00,995.0,ETH-USD,SELL,3407.39,3484.5,-12.02,0,0,0
2025-08-03 07:45:00,2025-08-03 10:15:00,150.0,ETH-USD,BUY,3497.22,3475.44,-11.9,0,0,0
2025-08-03 10:30:00,2025-08-03 12:50:00,140.0,ETH-USD,SELL,3472.5,3488.98,-11.78,0,0,0
2025-08-03 12:55:00,2025-08-03 13:15:00,20.0,ETH-USD,BUY,3495.47,3487.57,-11.66,0,0,0
2025-08-03 13:20:00,2025-08-03 15:20:00,120.0,ETH-USD,SELL,3487.63,3510.57,-11.54,0,0,0
2025-08-03 15:25:00,2025-08-03 20:50:00,325.0,ETH-USD,BUY,3504.47,3547.29,17.14,0,0,0
2025-08-03 21:25:00,2025-08-04 10:10:00,765.0,ETH-USD,BUY,3546.15,3651.0,17.4,0,0,0
2025-08-04 10:15:00,2025-08-04 23:20:00,785.0,ETH-USD,BUY,3661.0,3650.03,5.89,0,0,0
2025-08-04 23:25:00,2025-08-05 05:40:00,375.0,ETH-USD,SELL,3657.75,3656.99,5.92,0,0,0
2025-08-05 05:45:00,2025-08-05 06:30:00,45.0,ETH-USD,BUY,3658.68,3693.54,17.84,0,0,0
2025-08-05 06:45:00,2025-08-05 08:20:00,95.0,ETH-USD,BUY,3683.58,3655.65,-12.07,0,0,0
2025-08-05 08:25:00,2025-08-05 09:45:00,80.0,ETH-USD,SELL,3656.62,3656.49,5.97,0,0,0
2025-08-05 09:50:00,2025-08-05 10:05:00,15.0,ETH-USD,BUY,3650.13,3621.32,-12.01,0,0,0
2025-08-05 10:45:00,2025-08-06 14:00:00,1635.0,ETH-USD,SELL,3560.72,3693.0,-11.89,0,0,0
2025-08-06 14:05:00,2025-08-06 23:20:00,555.0,ETH-USD,BUY,3695.1,3654.76,-11.77,0,0,0
2025-08-06 23:25:00,2025-08-07 01:20:00,115.0,ETH-USD,SELL,3655.8,3676.57,-11.65,0,0,0
2025-08-07 01:25:00,2025-08-07 23:25:00,1320.0,ETH-USD,BUY,3678.09,3952.47,17.3,0,0,0
2025-08-07 23:30:00,2025-08-09 18:20:00,2570.0,ETH-USD,BUY,3941.05,4321.87,17.56,0,0,0
2025-08-09 18:25:00,2025-08-09 23:25:00,300.0,ETH-USD,BUY,4303.86,4233.76,-11.88,0,0,0
2025-08-10 00:35:00,2025-08-10 01:20:00,45.0,ETH-USD,BUY,4255.77,4230.96,-11.76,0,0,0
2025-08-10 01:45:00,2025-08-10 02:40:00,55.0,ETH-USD,SELL,4225.61,4230.0,5.82,0,0,0
2025-08-10 03:45:00,2025-08-10 05:35:00,110.0,ETH-USD,SELL,4189.2,4225.0,-11.7,0,0,0
2025-08-10 05:45:00,2025-08-10 05:55:00,10.0,ETH-USD,BUY,4228.69,4225.53,-11.59,0,0,0
2025-08-10 06:35:00,2025-08-10 20:20:00,825.0,ETH-USD,SELL,4209.32,4266.0,-11.47,0,0,0
2025-08-10 20:25:00,2025-08-13 14:00:00,3935.0,ETH-USD,BUY,4278.0,4745.24,17.04,0,0,0
2025-08-13 14:40:00,2025-08-13 15:00:00,20.0,ETH-USD,SELL,4703.06,4728.55,-11.53,0,0,0
2025-08-13 15:25:00,2025-08-14 09:00:00,1055.0,ETH-USD,BUY,4742.99,4484.68,-11.41,0,0,0
2025-08-14 09:05:00,2025-08-19 19:25:00,7820.0,ETH-USD,SELL,4539.81,4108.12,16.95,0,0,0
2025-08-19 19:30:00,2025-08-20 11:25:00,955.0,ETH-USD,SELL,4113.05,4299.1,-11.47,0,0,0
2025-08-20 12:05:00,2025-08-20 12:15:00,10.0,ETH-USD,SELL,4271.18,4322.93,-11.35,0,0,0
2025-08-20 12:40:00,2025-08-20 14:00:00,80.0,ETH-USD,BUY,4307.83,4304.57,5.62,0,0,0
2025-08-20 14:25:00,2025-08-22 12:10:00,2745.0,ETH-USD,SELL,4278.48,4766.19,-11.3,0,0,0
2025-08-22 12:25:00,2025-08-29 10:05:00,9940.0,ETH-USD,BUY,4744.75,4288.91,-11.18,0,0,0
2025-08-29 10:10:00,2025-08-30 01:40:00,930.0,ETH-USD,SELL,4287.88,4395.97,-11.07,0,0,0
2025-08-30 01:45:00,2025-08-30 09:05:00,440.0,ETH-USD,BUY,4387.51,4345.8,-10.96,0,0,0
2025-08-30 09:10:00,2025-08-30 11:20:00,130.0,ETH-USD,SELL,4344.4,4375.86,-10.85,0,0,0
2025-08-30 11:25:00,2025-08-30 15:20:00,235.0,ETH-USD,BUY,4371.93,4340.69,-10.74,0,0,0
2025-08-30 15:25:00,2025-08-30 17:00:00,95.0,ETH-USD,SELL,4348.41,4346.36,5.32,0,0,0
2025-08-30 17:55:00,2025-08-30 20:30:00,155.0,ETH-USD,SELL,4347.43,4395.44,-10.69,0,0,0
2025-08-30 20:35:00,2025-08-31 19:30:00,1375.0,ETH-USD,BUY,4397.07,4391.67,5.29,0,0,0
2025-08-31 19:35:00,2025-09-01 23:10:00,1655.0,ETH-USD,SELL,4385.1,4383.05,5.32,0,0,0
2025-09-01 23:40:00,2025-09-02 15:30:00,950.0,ETH-USD,BUY,4371.28,4264.05,-10.69,0,0,0
2025-09-02 15:40:00,2025-09-02 16:35:00,55.0,ETH-USD,BUY,4276.48,4321.38,15.87,0,0,0
2025-09-02 16:40:00,2025-09-02 21:10:00,270.0,ETH-USD,BUY,4318.49,4294.47,-10.74,0,0,0
2025-09-02 21:30:00,2025-09-02 21:55:00,25.0,ETH-USD,SELL,4292.63,4324.87,-10.63,0,0,0
2025-09-02 22:15:00,2025-09-03 10:40:00,745.0,ETH-USD,BUY,4344.93,4479.29,15.79,0,0,0
2025-09-03 10:45:00,2025-09-04 11:10:00,1465.0,ETH-USD,BUY,4476.61,4312.98,-10.68,0,0,0
2025-09-04 11:25:00,2025-09-04 16:25:00,300.0,ETH-USD,SELL,4307.06,4305.93,5.29,0,0,0
2025-09-04 17:15:00,2025-09-04 18:55:00,100.0,ETH-USD,BUY,4313.61,4341.82,15.94,0,0,0
2025-09-04 20:00:00,2025-09-05 03:35:00,455.0,ETH-USD,SELL,4304.76,4387.08,-10.79,0,0,0
2025-09-05 05:35:00,2025-10-01 21:45:00,38410.0,ETH-USD,SELL,4390.75,4384.9,5.34,0,0,0
2025-10-01 23:05:00,2025-10-01 23:50:00,45.0,ETH-USD,BUY,4393.9,4378.2,-10.73,0,0,0
2025-10-02 00:45:00,2025-10-02 02:25:00,100.0,ETH-USD,SELL,4375.0,4404.14,-10.63,0,0,0
2025-10-02 02:35:00,2025-10-02 03:50:00,75.0,ETH-USD,BUY,4415.84,4379.7,-10.52,0,0,0
2025-10-02 03:55:00,2025-10-02 08:55:00,300.0,ETH-USD,SELL,4379.03,4409.18,-10.42,0,0,0
2025-10-02 09:00:00,2025-10-02 11:00:00,120.0,ETH-USD,BUY,4406.86,4348.1,-10.31,0,0,0
2025-10-02 11:05:00,2025-10-02 11:50:00,45.0,ETH-USD,SELL,4375.35,4433.59,-10.21,0,0,0
2025-10-02 12:15:00,2025-10-03 03:25:00,910.0,ETH-USD,BUY,4457.06,4458.03,5.05,0,0,0
2025-10-03 03:35:00,2025-10-03 04:45:00,70.0,ETH-USD,SELL,4463.2,4461.51,5.08,0,0,0
2025-10-03 05:20:00,2025-10-03 07:10:00,110.0,ETH-USD,BUY,4478.99,4478.49,5.1,0,0,0
2025-10-03 07:45:00,2025-10-03 09:05:00,80.0,ETH-USD,BUY,4488.29,4468.42,-10.26,0,0,0
2025-10-03 09:45:00,2025-10-03 12:35:00,170.0,ETH-USD,BUY,4484.49,4585.21,15.23,0,0,0
2025-10-03 12:40:00,2025-10-03 13:00:00,20.0,ETH-USD,BUY,4585.18,4490.89,-10.31,0,0,0
2025-10-03 13:15:00,2025-10-03 14:20:00,65.0,ETH-USD,SELL,4500.54,4499.57,5.1,0,0,0
2025-10-03 14:25:00,2025-10-05 12:50:00,2785.0,ETH-USD,BUY,4505.62,4518.34,5.13,0,0,0
2025-10-05 13:40:00,2025-10-05 14:00:00,20.0,ETH-USD,SELL,4515.8,4515.89,5.15,0,0,0
2025-10-05 15:30:00,2025-10-05 20:15:00,285.0,ETH-USD,SELL,4505.52,4551.7,-10.36,0,0,0
2025-10-05 21:40:00,2025-10-06 10:00:00,740.0,ETH-USD,BUY,4523.89,4647.14,15.38,0,0,0
2025-10-06 10:05:00,2025-10-07 12:20:00,1575.0,ETH-USD,BUY,4660.61,4463.99,-10.41,0,0,0
2025-10-07 12:25:00,2025-10-07 12:35:00,10.0,ETH-USD,SELL,4484.62,4518.82,-10.3,0,0,0
2025-10-07 12:55:00,2025-10-10 11:30:00,4235.0,ETH-USD,SELL,4501.1,4094.96,15.3,0,0,0
2025-10-10 11:35:00,2025-10-12 12:40:00,2945.0,ETH-USD,SELL,4110.73,4122.26,5.18,0,0,0
2025-10-12 12:55:00,2025-10-12 17:25:00,270.0,ETH-USD,BUY,4109.35,4125.48,5.2,0,0,0
2025-10-12 18:55:00,2025-10-13 23:15:00,1700.0,ETH-USD,BUY,4138.1,4153.7,5.23,0,0,0
2025-10-13 23:20:00,2025-10-14 02:45:00,205.0,ETH-USD,SELL,4149.64,3999.0,15.77,0,0,0
2025-10-14 02:50:00,2025-10-14 12:20:00,570.0,ETH-USD,SELL,4009.2,4141.2,-10.67,0,0,0
2025-10-14 13:20:00,2025-10-14 15:40:00,140.0,ETH-USD,BUY,4130.34,4059.3,-10.56,0,0,0
2025-10-14 16:05:00,2025-10-17 02:45:00,3520.0,ETH-USD,SELL,4094.68,3809.1,15.68,0,0,0
2025-10-17 02:55:00,2025-10-26 18:00:00,13865.0,ETH-USD,SELL,3819.73,4140.84,-10.61,0,0,0
2025-10-26 18:05:00,2025-10-27 07:20:00,795.0,ETH-USD,BUY,4138.29,4144.54,5.25,0,0,0
2025-10-27 08:50:00,2025-10-27 09:50:00,60.0,ETH-USD,SELL,4143.41,4184.2,-10.56,0,0,0
2025-10-27 11:05:00,2025-10-27 22:50:00,705.0,ETH-USD,BUY,4157.33,4094.51,-10.45,0,0,0
2025-10-27 23:00:00,2025-10-28 02:45:00,225.0,ETH-USD,SELL,4099.51,4103.85,5.17,0,0,0
2025-10-28 05:15:00,2025-10-28 05:40:00,25.0,ETH-USD,SELL,4119.23,4120.65,5.2,0,0,0
2025-10-28 06:05:00,2025-10-29 14:35:00,1950.0,ETH-USD,SELL,4115.01,3859.82,15.68,0,0,0
2025-10-29 14:45:00,2025-10-30 15:55:00,1510.0,ETH-USD,SELL,3896.59,3686.11,15.91,0,0,0
2025-10-30 16:00:00,2025-10-30 16:30:00,30.0,ETH-USD,SELL,3686.27,3721.01,-10.77,0,0,0
2025-10-30 17:05:00,2025-10-30 19:35:00,150.0,ETH-USD,BUY,3762.44,3789.6,15.99,0,0,0
2025-10-30 19:40:00,2025-10-30 21:15:00,95.0,ETH-USD,BUY,3785.0,3852.93,16.23,0,0,0
2025-10-30 21:20:00,2025-10-31 17:05:00,1185.0,ETH-USD,BUY,3850.67,3852.89,5.49,0,0,0
2025-10-31 17:10:00,2025-10-31 18:05:00,55.0,ETH-USD,SELL,3841.08,3860.13,-11.04,0,0,0
2025-10-31 18:40:00,2025-11-01 11:05:00,985.0,ETH-USD,SELL,3854.24,3895.19,-10.93,0,0,0
2025-11-01 11:10:00,2025-11-02 21:30:00,2120.0,ETH-USD,BUY,3891.39,3799.1,-10.82,0,0,0
2025-11-02 21:35:00,2025-11-03 01:40:00,245.0,ETH-USD,SELL,3793.1,3709.34,16.07,0,0,0
2025-11-03 01:55:00,2025-11-03 02:10:00,15.0,ETH-USD,SELL,3717.94,3715.93,5.44,0,0,0
2025-11-03 02:55:00,2025-11-03 03:50:00,55.0,ETH-USD,SELL,3713.8,3717.93,5.46,0,0,0
2025-11-03 04:45:00,2025-11-03 06:15:00,90.0,ETH-USD,SELL,3707.08,3708.57,5.49,0,0,0
2025-11-03 07:05:00,2025-11-03 09:05:00,120.0,ETH-USD,SELL,3714.24,3733.51,-11.04,0,0,0
2025-11-03 12:30:00,2025-11-03 12:45:00,15.0,ETH-USD,BUY,3650.32,3674.95,16.39,0,0,0
2025-11-03 12:55:00,2025-11-03 13:45:00,50.0,ETH-USD,BUY,3665.98,3638.68,-11.09,0,0,0
2025-11-03 13:50:00,2025-11-04 11:50:00,1320.0,ETH-USD,SELL,3637.39,3447.41,16.47,0,0,0
2025-11-04 11:55:00,2025-11-04 14:50:00,175.0,ETH-USD,SELL,3427.51,3248.1,16.71,0,0,0
2025-11-04 14:55:00,2025-11-09 09:25:00,6870.0,ETH-USD,SELL,3228.44,3553.38,-11.31,0,0,0
2025-11-09 09:30:00,2025-11-09 20:25:00,655.0,ETH-USD,BUY,3539.28,3642.88,16.79,0,0,0
2025-11-09 20:30:00,2025-11-10 10:50:00,860.0,ETH-USD,BUY,3630.7,3514.51,-11.36,0,0,0
2025-11-10 11:10:00,2025-11-10 11:45:00,35.0,ETH-USD,BUY,3528.53,3522.45,-11.25,0,0,0
2025-11-10 13:30:00,2025-11-10 19:55:00,385.0,ETH-USD,SELL,3545.59,3585.23,-11.14,0,0,0
2025-11-10 21:40:00,2025-11-11 10:30:00,770.0,ETH-USD,BUY,3628.9,3480.0,-11.03,0,0,0
2025-11-11 10:35:00,2025-11-11 13:00:00,145.0,ETH-USD,SELL,3483.4,3474.05,5.46,0,0,0
2025-11-11 13:05:00,2025-11-11 16:35:00,210.0,ETH-USD,SELL,3464.51,3414.31,16.46,0,0,0
2025-11-11 16:55:00,2025-11-12 03:30:00,635.0,ETH-USD,SELL,3416.1,3466.77,-11.14,0,0,0
2025-11-12 04:35:00,2025-11-12 05:25:00,50.0,ETH-USD,BUY,3484.95,3509.69,16.54,0,0,0
2025-11-12 05:30:00,2025-11-12 09:45:00,255.0,ETH-USD,BUY,3534.01,3498.59,5.59,0,0,0
2025-11-12 09:50:00,2025-11-13 00:35:00,885.0,ETH-USD,SELL,3507.81,3502.4,5.62,0,0,0
2025-11-13 01:00:00,2025-11-13 08:25:00,445.0,ETH-USD,BUY,3522.43,3467.6,-11.3,0,0,0
2025-11-13 08:30:00,2025-11-13 12:15:00,225.0,ETH-USD,SELL,3449.63,3291.56,16.78,0,0,0
2025-11-13 12:20:00,2025-11-13 13:50:00,90.0,ETH-USD,SELL,3299.89,3197.5,17.04,0,0,0
2025-11-13 13:55:00,2025-11-14 09:45:00,1190.0,ETH-USD,SELL,3211.82,3198.81,5.76,0,0,0
2025-11-14 11:20:00,2025-11-14 12:25:00,65.0,ETH-USD,BUY,3212.2,3214.99,5.79,0,0,0
2025-11-14 12:40:00,2025-11-14 13:10:00,30.0,ETH-USD,SELL,3206.41,3200.55,5.82,0,0,0
2025-11-14 13:55:00,2025-11-14 20:50:00,415.0,ETH-USD,SELL,3166.62,3167.0,5.85,0,0,0
2025-11-14 21:15:00,2025-11-14 21:25:00,10.0,ETH-USD,BUY,3168.26,3173.4,5.88,0,0,0
2025-11-14 22:10:00,2025-11-14 22:20:00,10.0,ETH-USD,BUY,3185.35,3183.1,5.91,0,0,0
2025-11-14 22:45:00,2025-11-15 08:20:00,575.0,ETH-USD,SELL,3175.44,3178.55,5.94,0,0,0
2025-11-15 08:25:00,2025-11-15 09:25:00,60.0,ETH-USD,BUY,3176.91,3179.05,5.97,0,0,0
2025-11-15 10:25:00,2025-11-15 11:05:00,40.0,ETH-USD,BUY,3183.94,3170.2,-12.0,0,0,0
2025-11-15 11:55:00,2025-11-15 13:05:00,70.0,ETH-USD,BUY,3184.09,3218.88,17.81,0,0,0
2025-11-15 13:15:00,2025-11-15 13:25:00,10.0,ETH-USD,BUY,3218.26,3210.94,-12.05,0,0,0
2025-11-15 16:30:00,2025-11-15 21:25:00,295.0,ETH-USD,SELL,3175.7,3175.64,5.97,0,0,0
2025-11-15 21:30:00,2025-11-15 21:45:00,15.0,ETH-USD,BUY,3174.9,3195.31,17.99,0,0,0
2025-11-15 21:50:00,2025-11-16 06:10:00,500.0,ETH-USD,BUY,3195.36,3197.8,6.09,0,0,0
2025-11-16 06:15:00,2025-11-16 10:50:00,275.0,ETH-USD,SELL,3200.4,3126.29,18.35,0,0,0
2025-11-16 11:05:00,2025-11-16 18:20:00,435.0,ETH-USD,SELL,3097.49,3098.09,6.21,0,0,0
2025-11-16 18:35:00,2025-11-16 19:15:00,40.0,ETH-USD,BUY,3096.98,3071.7,-12.48,0,0,0
2025-11-16 19:20:00,2025-11-16 22:15:00,175.0,ETH-USD,SELL,3082.5,3162.91,-12.36,0,0,0
2025-11-16 22:20:00,2025-11-17 08:45:00,625.0,ETH-USD,BUY,3173.01,3107.79,-12.23,0,0,0
2025-11-17 08:50:00,2025-11-18 10:15:00,1525.0,ETH-USD,SELL,3096.68,3094.8,6.05,0,0,0
2025-11-18 10:40:00,2025-11-19 00:25:00,825.0,ETH-USD,BUY,3107.82,3023.26,-12.17,0,0,0
2025-11-19 00:30:00,2025-11-19 18:05:00,1055.0,ETH-USD,SELL,3010.7,3017.91,6.02,0,0,0
2025-11-19 18:15:00,2025-11-20 10:55:00,1000.0,ETH-USD,BUY,3012.5,2951.38,-12.11,0,0,0
2025-11-20 11:35:00,2025-12-03 17:45:00,19090.0,ETH-USD,SELL,2878.95,3186.51,-11.99,0,0,0
2025-12-03 17:50:00,2025-12-03 18:20:00,30.0,ETH-USD,BUY,3182.11,3181.09,5.93,0,0,0
2025-12-03 18:40:00,2025-12-03 19:10:00,30.0,ETH-USD,BUY,3190.16,3176.4,-11.93,0,0,0
2025-12-03 19:45:00,2025-12-17 11:15:00,19650.0,ETH-USD,BUY,3201.61,2862.81,-11.81,0,0,0
2025-12-17 11:20:00,2025-12-31 00:00:00,19480.0,ETH-USD,SELL,2847.23,2970.33,0.0,0,0,0
